circuit,events_per_lot,seed,prove_time_s,verify_time_ms,proof_size_bytes,peak_ram_gb
c2_poseidon2_merkle_depth16,8,1,0.010702041,10.126583,275462,0.007156372
c3_threshold_time,8,1,0.001112084,0.526125,11114,0.007354736
c4_poseidon2_actor_authorization,8,1,0.000397292,0.423959,11674,0.007492065
c5_poseidon2_nullifier_empty_leaf,8,1,0.010087042,10.125042,276329,0.007614136
c2_poseidon2_merkle_depth16,8,2,0.010196500,10.150083,275766,0.007629395
c3_threshold_time,8,2,0.001097708,0.527042,11115,0.007690430
c4_poseidon2_actor_authorization,8,2,0.000396375,0.418458,11753,0.007781982
c5_poseidon2_nullifier_empty_leaf,8,2,0.010241500,10.129833,276495,0.007812500
c2_poseidon2_merkle_depth16,8,3,0.010025750,10.071208,275548,0.007812500
c3_threshold_time,8,3,0.001110167,0.521541,11093,0.007888794
c4_poseidon2_actor_authorization,8,3,0.000385459,0.416459,11692,0.007919312
c5_poseidon2_nullifier_empty_leaf,8,3,0.010260750,10.400125,275977,0.008377075
c2_poseidon2_merkle_depth16,8,4,0.010524709,10.332375,275535,0.008514404
c3_threshold_time,8,4,0.001184667,0.547125,11070,0.008529663
c4_poseidon2_actor_authorization,8,4,0.000414875,0.443208,11753,0.008560181
c5_poseidon2_nullifier_empty_leaf,8,4,0.010195083,10.086375,276501,0.008575439
c2_poseidon2_merkle_depth16,8,5,0.010096750,10.094000,275603,0.008575439
c3_threshold_time,8,5,0.001111334,0.526584,11073,0.008621216
c4_poseidon2_actor_authorization,8,5,0.000392000,0.417375,11681,0.008621216
c5_poseidon2_nullifier_empty_leaf,8,5,0.010074333,10.071667,276070,0.008621216
c2_poseidon2_merkle_depth16,8,6,0.010029333,10.267250,275781,0.008621216
c3_threshold_time,8,6,0.001107250,0.520750,11070,0.008636475
c4_poseidon2_actor_authorization,8,6,0.000390833,0.417125,11743,0.008636475
c5_poseidon2_nullifier_empty_leaf,8,6,0.010354709,10.246292,276095,0.008728027
c2_poseidon2_merkle_depth16,8,7,0.010306291,10.134209,275650,0.008743286
c3_threshold_time,8,7,0.001111333,0.519000,11119,0.008743286
c4_poseidon2_actor_authorization,8,7,0.000384208,0.415583,11671,0.008743286
c5_poseidon2_nullifier_empty_leaf,8,7,0.010064375,10.132416,276008,0.008758545
c2_poseidon2_merkle_depth16,8,8,0.010068333,10.110917,275015,0.008758545
c3_threshold_time,8,8,0.001090334,0.524666,11065,0.008758545
c4_poseidon2_actor_authorization,8,8,0.000393542,0.416750,11662,0.008758545
c5_poseidon2_nullifier_empty_leaf,8,8,0.010100167,10.143916,276527,0.008758545
c2_poseidon2_merkle_depth16,8,9,0.010057209,10.386084,275470,0.008758545
c3_threshold_time,8,9,0.001133958,0.523000,11088,0.008758545
c4_poseidon2_actor_authorization,8,9,0.000395833,0.418792,11786,0.008773804
c5_poseidon2_nullifier_empty_leaf,8,9,0.010381167,10.152166,276116,0.008773804
c2_poseidon2_merkle_depth16,8,10,0.010444542,10.232917,275486,0.008789062
c3_threshold_time,8,10,0.001115583,0.528750,11097,0.008804321
c4_poseidon2_actor_authorization,8,10,0.000400042,0.427584,11726,0.008804321
c5_poseidon2_nullifier_empty_leaf,8,10,0.010770292,10.560333,276070,0.008804321
c2_poseidon2_merkle_depth16,8,11,0.010680000,10.478750,275134,0.008804321
c3_threshold_time,8,11,0.001213083,0.532958,11024,0.008804321
c4_poseidon2_actor_authorization,8,11,0.000390916,0.419375,11670,0.008804321
c5_poseidon2_nullifier_empty_leaf,8,11,0.010895417,10.432292,276098,0.008895874
c2_poseidon2_merkle_depth16,8,12,0.010817666,10.256625,275659,0.008895874
c3_threshold_time,8,12,0.001143167,0.542833,11124,0.008911133
c4_poseidon2_actor_authorization,8,12,0.000419292,0.452667,11636,0.008911133
c5_poseidon2_nullifier_empty_leaf,8,12,0.010640000,10.549334,276565,0.008911133
c2_poseidon2_merkle_depth16,8,13,0.010559166,10.394875,275278,0.008911133
c3_threshold_time,8,13,0.001113958,0.529958,11115,0.008926392
c4_poseidon2_actor_authorization,8,13,0.000398459,0.452875,11609,0.008926392
c5_poseidon2_nullifier_empty_leaf,8,13,0.010702708,10.965333,275746,0.008926392
c2_poseidon2_merkle_depth16,8,14,0.010432375,10.194709,275171,0.008926392
c3_threshold_time,8,14,0.001106250,0.528417,11119,0.008926392
c4_poseidon2_actor_authorization,8,14,0.000392334,0.418208,11697,0.008926392
c5_poseidon2_nullifier_empty_leaf,8,14,0.010488250,10.564042,275965,0.008926392
c2_poseidon2_merkle_depth16,8,15,0.010273166,10.209916,275890,0.008926392
c3_threshold_time,8,15,0.001097375,0.527042,11028,0.008926392
c4_poseidon2_actor_authorization,8,15,0.000389292,0.422791,11646,0.008926392
c5_poseidon2_nullifier_empty_leaf,8,15,0.010293042,10.780125,276249,0.008926392
c2_poseidon2_merkle_depth16,8,16,0.010312875,10.380834,275257,0.008926392
c3_threshold_time,8,16,0.001127000,0.530583,11085,0.008926392
c4_poseidon2_actor_authorization,8,16,0.000447458,0.431458,11619,0.008926392
c5_poseidon2_nullifier_empty_leaf,8,16,0.010209667,10.165000,275774,0.008926392
c2_poseidon2_merkle_depth16,8,17,0.010237625,10.238375,275316,0.008926392
c3_threshold_time,8,17,0.001181125,0.535292,11145,0.008926392
c4_poseidon2_actor_authorization,8,17,0.000404125,0.422792,11663,0.008926392
c5_poseidon2_nullifier_empty_leaf,8,17,0.010147750,10.160583,276212,0.008926392
c2_poseidon2_merkle_depth16,8,18,0.010091959,10.217250,275746,0.008941650
c3_threshold_time,8,18,0.001083125,0.518291,11097,0.008941650
c4_poseidon2_actor_authorization,8,18,0.000378417,0.415334,11683,0.008941650
c5_poseidon2_nullifier_empty_leaf,8,18,0.010554083,10.298375,276387,0.008941650
c2_poseidon2_merkle_depth16,8,19,0.010189833,10.159625,275330,0.008941650
c3_threshold_time,8,19,0.001102375,0.539250,11121,0.008941650
c4_poseidon2_actor_authorization,8,19,0.000400333,0.417333,11697,0.008941650
c5_poseidon2_nullifier_empty_leaf,8,19,0.010052500,10.080500,276259,0.008941650
c2_poseidon2_merkle_depth16,8,20,0.010113583,10.138542,275434,0.008941650
c3_threshold_time,8,20,0.001089541,0.521917,11095,0.008941650
c4_poseidon2_actor_authorization,8,20,0.000381792,0.417875,11709,0.008941650
c5_poseidon2_nullifier_empty_leaf,8,20,0.010107334,10.187375,276583,0.008941650
c2_poseidon2_merkle_depth16,8,21,0.011281458,43.947625,275646,0.008941650
c3_threshold_time,8,21,0.001168583,0.656958,11065,0.008941650
c4_poseidon2_actor_authorization,8,21,0.000416875,0.740500,11692,0.008941650
c5_poseidon2_nullifier_empty_leaf,8,21,0.010470625,10.311583,276088,0.009445190
c2_poseidon2_merkle_depth16,8,22,0.010516500,10.512083,275492,0.009445190
c3_threshold_time,8,22,0.001143209,0.524167,11129,0.009445190
c4_poseidon2_actor_authorization,8,22,0.000390417,0.426334,11661,0.009445190
c5_poseidon2_nullifier_empty_leaf,8,22,0.010930584,10.469542,276087,0.009445190
c2_poseidon2_merkle_depth16,8,23,0.011261416,10.499125,275896,0.009460449
c3_threshold_time,8,23,0.001180125,0.526000,11066,0.009460449
c4_poseidon2_actor_authorization,8,23,0.000394084,0.457750,11663,0.009460449
c5_poseidon2_nullifier_empty_leaf,8,23,0.010360542,10.553833,276337,0.009460449
c2_poseidon2_merkle_depth16,8,24,0.010504375,11.173917,275113,0.009460449
c3_threshold_time,8,24,0.001151708,0.541208,11079,0.009460449
c4_poseidon2_actor_authorization,8,24,0.000400625,0.432833,11743,0.009460449
c5_poseidon2_nullifier_empty_leaf,8,24,0.011302208,10.712542,275908,0.009460449
c2_poseidon2_merkle_depth16,8,25,0.010428708,10.900375,275531,0.009460449
c3_threshold_time,8,25,0.001143750,0.524041,11043,0.009460449
c4_poseidon2_actor_authorization,8,25,0.000382667,0.419458,11673,0.009460449
c5_poseidon2_nullifier_empty_leaf,8,25,0.010565542,10.662625,276202,0.009460449
c2_poseidon2_merkle_depth16,8,26,0.010444375,10.417459,275522,0.009475708
c3_threshold_time,8,26,0.001153167,0.528583,11087,0.009475708
c4_poseidon2_actor_authorization,8,26,0.000404291,0.419291,11699,0.009475708
c5_poseidon2_nullifier_empty_leaf,8,26,0.010967750,10.593209,276126,0.009475708
c2_poseidon2_merkle_depth16,8,27,0.010428125,10.318750,275496,0.009475708
c3_threshold_time,8,27,0.001110791,0.528125,11078,0.009475708
c4_poseidon2_actor_authorization,8,27,0.000386250,0.422958,11717,0.009475708
c5_poseidon2_nullifier_empty_leaf,8,27,0.010414500,10.856750,276180,0.009475708
c2_poseidon2_merkle_depth16,8,28,0.010217625,10.070417,275726,0.009475708
c3_threshold_time,8,28,0.001096542,0.521834,11120,0.009475708
c4_poseidon2_actor_authorization,8,28,0.000384375,0.426084,11816,0.009475708
c5_poseidon2_nullifier_empty_leaf,8,28,0.011036250,10.353250,276142,0.009475708
c2_poseidon2_merkle_depth16,8,29,0.010475750,10.308541,275521,0.009475708
c3_threshold_time,8,29,0.001119750,0.524000,11088,0.009475708
c4_poseidon2_actor_authorization,8,29,0.000397750,0.416458,11661,0.009475708
c5_poseidon2_nullifier_empty_leaf,8,29,0.010170375,10.282041,276087,0.009475708
c2_poseidon2_merkle_depth16,8,30,0.010555958,10.888250,275576,0.009475708
c3_threshold_time,8,30,0.001157959,0.530875,11096,0.009475708
c4_poseidon2_actor_authorization,8,30,0.000404333,0.441292,11766,0.009475708
c5_poseidon2_nullifier_empty_leaf,8,30,0.010200209,10.318583,275997,0.009475708
c2_poseidon2_merkle_depth16,16,1,0.010713875,10.530333,275594,0.009490967
c3_threshold_time,16,1,0.002048583,0.589709,13497,0.009506226
c4_poseidon2_actor_authorization,16,1,0.000386541,0.419958,11751,0.009506226
c5_poseidon2_nullifier_empty_leaf,16,1,0.010748375,10.378500,275974,0.009506226
c2_poseidon2_merkle_depth16,16,2,0.010415542,10.744833,275564,0.009506226
c3_threshold_time,16,2,0.002035750,0.589208,13389,0.009521484
c4_poseidon2_actor_authorization,16,2,0.000385167,0.446375,11658,0.009521484
c5_poseidon2_nullifier_empty_leaf,16,2,0.010276167,10.227250,276115,0.009521484
c2_poseidon2_merkle_depth16,16,3,0.010232083,10.495584,275620,0.009521484
c3_threshold_time,16,3,0.002270750,0.598125,13465,0.009567261
c4_poseidon2_actor_authorization,16,3,0.000401708,0.415833,11782,0.009567261
c5_poseidon2_nullifier_empty_leaf,16,3,0.010353792,10.461167,276584,0.009567261
c2_poseidon2_merkle_depth16,16,4,0.011279416,10.789167,275783,0.009567261
c3_threshold_time,16,4,0.002042708,0.591333,13401,0.009567261
c4_poseidon2_actor_authorization,16,4,0.000385167,0.417959,11728,0.009567261
c5_poseidon2_nullifier_empty_leaf,16,4,0.011098375,10.857125,276427,0.009567261
c2_poseidon2_merkle_depth16,16,5,0.010899708,10.841792,275701,0.009567261
c3_threshold_time,16,5,0.002102667,0.638750,13399,0.009567261
c4_poseidon2_actor_authorization,16,5,0.000386417,0.417709,11762,0.009567261
c5_poseidon2_nullifier_empty_leaf,16,5,0.010516375,10.755666,276212,0.009567261
c2_poseidon2_merkle_depth16,16,6,0.011066542,10.747250,276007,0.009567261
c3_threshold_time,16,6,0.002028959,0.588292,13454,0.009567261
c4_poseidon2_actor_authorization,16,6,0.000381041,0.500791,11726,0.009567261
c5_poseidon2_nullifier_empty_leaf,16,6,0.010641417,10.245000,276204,0.009567261
c2_poseidon2_merkle_depth16,16,7,0.010336000,10.176042,275863,0.009567261
c3_threshold_time,16,7,0.002080292,0.623833,13436,0.009567261
c4_poseidon2_actor_authorization,16,7,0.000400875,0.421750,11638,0.009567261
c5_poseidon2_nullifier_empty_leaf,16,7,0.010621375,10.234542,276194,0.009567261
c2_poseidon2_merkle_depth16,16,8,0.010200917,10.186250,275216,0.009567261
c3_threshold_time,16,8,0.002095667,0.589958,13444,0.009567261
c4_poseidon2_actor_authorization,16,8,0.000385042,0.427250,11709,0.009567261
c5_poseidon2_nullifier_empty_leaf,16,8,0.011475416,11.103708,276509,0.009567261
c2_poseidon2_merkle_depth16,16,9,0.010276000,10.269791,275673,0.009567261
c3_threshold_time,16,9,0.002055542,0.630042,13414,0.009567261
c4_poseidon2_actor_authorization,16,9,0.000386917,0.466292,11715,0.009567261
c5_poseidon2_nullifier_empty_leaf,16,9,0.010163375,10.143416,276339,0.009567261
c2_poseidon2_merkle_depth16,16,10,0.010582917,10.907917,275567,0.009567261
c3_threshold_time,16,10,0.002040125,0.588583,13406,0.009567261
c4_poseidon2_actor_authorization,16,10,0.000443709,0.481417,11670,0.009567261
c5_poseidon2_nullifier_empty_leaf,16,10,0.010865834,10.680375,276462,0.009567261
c2_poseidon2_merkle_depth16,16,11,0.010393500,10.474125,275802,0.009567261
c3_threshold_time,16,11,0.002254875,0.654791,13418,0.009567261
c4_poseidon2_actor_authorization,16,11,0.000388375,0.482667,11645,0.009567261
c5_poseidon2_nullifier_empty_leaf,16,11,0.011028292,10.438041,275899,0.009567261
c2_poseidon2_merkle_depth16,16,12,0.011252166,10.993041,275621,0.009567261
c3_threshold_time,16,12,0.002111083,0.591542,13443,0.009567261
c4_poseidon2_actor_authorization,16,12,0.000386750,0.419000,11671,0.009567261
c5_poseidon2_nullifier_empty_leaf,16,12,0.010508708,10.282292,276008,0.009567261
c2_poseidon2_merkle_depth16,16,13,0.010217666,10.179541,275604,0.009567261
c3_threshold_time,16,13,0.002127500,0.593666,13414,0.009567261
c4_poseidon2_actor_authorization,16,13,0.000395459,0.434000,11653,0.009567261
c5_poseidon2_nullifier_empty_leaf,16,13,0.010118542,10.198250,276063,0.009567261
c2_poseidon2_merkle_depth16,16,14,0.010143667,10.222041,275550,0.009567261
c3_threshold_time,16,14,0.002023667,0.589709,13427,0.009567261
c4_poseidon2_actor_authorization,16,14,0.000392916,0.420292,11664,0.009567261
c5_poseidon2_nullifier_empty_leaf,16,14,0.010071750,10.098667,275987,0.009567261
c2_poseidon2_merkle_depth16,16,15,0.010111875,10.168500,275856,0.009567261
c3_threshold_time,16,15,0.002044542,0.635584,13452,0.009567261
c4_poseidon2_actor_authorization,16,15,0.000385000,0.421875,11638,0.009567261
c5_poseidon2_nullifier_empty_leaf,16,15,0.010857875,10.410625,276507,0.009567261
c2_poseidon2_merkle_depth16,16,16,0.010413125,10.678250,275224,0.009567261
c3_threshold_time,16,16,0.002121041,0.604541,13419,0.009567261
c4_poseidon2_actor_authorization,16,16,0.000403542,0.423334,11709,0.009567261
c5_poseidon2_nullifier_empty_leaf,16,16,0.010160000,11.096417,276044,0.009567261
c2_poseidon2_merkle_depth16,16,17,0.010747709,10.794958,275206,0.009567261
c3_threshold_time,16,17,0.002075209,0.600667,13456,0.009567261
c4_poseidon2_actor_authorization,16,17,0.000389500,0.417500,11711,0.009567261
c5_poseidon2_nullifier_empty_leaf,16,17,0.010121333,10.081666,275916,0.009567261
c2_poseidon2_merkle_depth16,16,18,0.010145958,10.238250,275448,0.009567261
c3_threshold_time,16,18,0.002053833,0.597125,13417,0.009567261
c4_poseidon2_actor_authorization,16,18,0.000382959,0.418291,11727,0.009567261
c5_poseidon2_nullifier_empty_leaf,16,18,0.010226833,10.573208,276382,0.009567261
c2_poseidon2_merkle_depth16,16,19,0.010310292,10.106875,275430,0.009567261
c3_threshold_time,16,19,0.002037917,0.593500,13452,0.009567261
c4_poseidon2_actor_authorization,16,19,0.000391625,0.430458,11701,0.009567261
c5_poseidon2_nullifier_empty_leaf,16,19,0.010180958,10.096916,275953,0.009567261
c2_poseidon2_merkle_depth16,16,20,0.010161875,10.113541,275524,0.009567261
c3_threshold_time,16,20,0.002022083,0.590500,13447,0.009567261
c4_poseidon2_actor_authorization,16,20,0.000426417,0.419833,11742,0.009567261
c5_poseidon2_nullifier_empty_leaf,16,20,0.010915667,10.872958,275902,0.009567261
c2_poseidon2_merkle_depth16,16,21,0.010702458,10.448834,275693,0.009567261
c3_threshold_time,16,21,0.002071958,0.646208,13424,0.009567261
c4_poseidon2_actor_authorization,16,21,0.000447459,0.534500,11708,0.009567261
c5_poseidon2_nullifier_empty_leaf,16,21,0.010604084,10.694834,276088,0.009567261
c2_poseidon2_merkle_depth16,16,22,0.011288500,10.418250,275583,0.009567261
c3_threshold_time,16,22,0.002125042,0.614875,13420,0.009567261
c4_poseidon2_actor_authorization,16,22,0.000423916,0.441625,11708,0.009567261
c5_poseidon2_nullifier_empty_leaf,16,22,0.010439084,10.447083,275951,0.009567261
c2_poseidon2_merkle_depth16,16,23,0.010439166,10.403333,275656,0.009567261
c3_threshold_time,16,23,0.002067750,0.587334,13376,0.009567261
c4_poseidon2_actor_authorization,16,23,0.000382083,0.416959,11678,0.009567261
c5_poseidon2_nullifier_empty_leaf,16,23,0.010172708,10.445166,276717,0.009567261
c2_poseidon2_merkle_depth16,16,24,0.010205000,10.261625,275910,0.009567261
c3_threshold_time,16,24,0.002083666,0.617916,13390,0.009567261
c4_poseidon2_actor_authorization,16,24,0.000413875,0.418792,11700,0.009567261
c5_poseidon2_nullifier_empty_leaf,16,24,0.010698500,10.840042,276292,0.009567261
c2_poseidon2_merkle_depth16,16,25,0.010864250,11.063291,275621,0.009567261
c3_threshold_time,16,25,0.002186458,0.716708,13408,0.009567261
c4_poseidon2_actor_authorization,16,25,0.000460041,0.446041,11726,0.009567261
c5_poseidon2_nullifier_empty_leaf,16,25,0.010776708,10.689667,276466,0.009567261
c2_poseidon2_merkle_depth16,16,26,0.010551083,10.689833,275558,0.009567261
c3_threshold_time,16,26,0.002034750,0.591500,13405,0.009567261
c4_poseidon2_actor_authorization,16,26,0.000389042,0.420791,11618,0.009567261
c5_poseidon2_nullifier_empty_leaf,16,26,0.011042917,10.688334,276250,0.009567261
c2_poseidon2_merkle_depth16,16,27,0.010784125,10.764791,275578,0.009567261
c3_threshold_time,16,27,0.002031167,0.594625,13412,0.009567261
c4_poseidon2_actor_authorization,16,27,0.000381209,0.417167,11647,0.009567261
c5_poseidon2_nullifier_empty_leaf,16,27,0.010994916,10.576333,275929,0.009567261
c2_poseidon2_merkle_depth16,16,28,0.010251875,10.233833,275803,0.009567261
c3_threshold_time,16,28,0.002025375,0.588375,13441,0.009567261
c4_poseidon2_actor_authorization,16,28,0.000385375,0.415417,11728,0.009567261
c5_poseidon2_nullifier_empty_leaf,16,28,0.010238250,10.208375,276010,0.009567261
c2_poseidon2_merkle_depth16,16,29,0.010126083,10.200250,275774,0.009567261
c3_threshold_time,16,29,0.002059625,0.595292,13400,0.009567261
c4_poseidon2_actor_authorization,16,29,0.000397208,0.422375,11629,0.009567261
c5_poseidon2_nullifier_empty_leaf,16,29,0.010592708,10.369916,276435,0.009567261
c2_poseidon2_merkle_depth16,16,30,0.010102542,10.122166,276034,0.009567261
c3_threshold_time,16,30,0.002043916,0.594375,13438,0.009567261
c4_poseidon2_actor_authorization,16,30,0.000383292,0.417583,11706,0.009567261
c5_poseidon2_nullifier_empty_leaf,16,30,0.010065708,10.158583,276171,0.009567261
c2_poseidon2_merkle_depth16,32,1,0.010053959,10.122875,275621,0.009567261
c3_threshold_time,32,1,0.003990000,0.668708,16100,0.009613037
c4_poseidon2_actor_authorization,32,1,0.000383917,0.417375,11707,0.009613037
c5_poseidon2_nullifier_empty_leaf,32,1,0.010107334,10.102500,276259,0.009613037
c2_poseidon2_merkle_depth16,32,2,0.010148500,10.081125,275451,0.009613037
c3_threshold_time,32,2,0.003891625,0.659333,16058,0.009658813
c4_poseidon2_actor_authorization,32,2,0.000378292,0.417041,11727,0.009658813
c5_poseidon2_nullifier_empty_leaf,32,2,0.010038333,10.089542,276069,0.009658813
c2_poseidon2_merkle_depth16,32,3,0.010039500,10.134791,275739,0.009658813
c3_threshold_time,32,3,0.003880208,0.662459,16060,0.009658813
c4_poseidon2_actor_authorization,32,3,0.000383125,0.418834,11735,0.009658813
c5_poseidon2_nullifier_empty_leaf,32,3,0.010129792,10.111833,275797,0.009658813
c2_poseidon2_merkle_depth16,32,4,0.010663000,10.405792,275569,0.009658813
c3_threshold_time,32,4,0.003968042,0.690750,16076,0.009658813
c4_poseidon2_actor_authorization,32,4,0.000402625,0.420875,11557,0.009658813
c5_poseidon2_nullifier_empty_leaf,32,4,0.010140459,10.106542,276026,0.009658813
c2_poseidon2_merkle_depth16,32,5,0.010341250,10.319666,275291,0.009658813
c3_threshold_time,32,5,0.003990959,0.664167,16079,0.009658813
c4_poseidon2_actor_authorization,32,5,0.000388334,0.430750,11638,0.009658813
c5_poseidon2_nullifier_empty_leaf,32,5,0.010146000,10.088375,276503,0.009658813
c2_poseidon2_merkle_depth16,32,6,0.010109208,10.495000,275412,0.009658813
c3_threshold_time,32,6,0.003938125,0.669333,16122,0.009658813
c4_poseidon2_actor_authorization,32,6,0.000396667,0.419667,11683,0.009658813
c5_poseidon2_nullifier_empty_leaf,32,6,0.010093917,10.280542,276508,0.009658813
c2_poseidon2_merkle_depth16,32,7,0.010192458,10.111417,275833,0.009658813
c3_threshold_time,32,7,0.003924125,0.671917,16101,0.009658813
c4_poseidon2_actor_authorization,32,7,0.000394291,0.422042,11781,0.009658813
c5_poseidon2_nullifier_empty_leaf,32,7,0.010412000,10.245291,276213,0.009658813
c2_poseidon2_merkle_depth16,32,8,0.010294542,10.089000,275504,0.009658813
c3_threshold_time,32,8,0.003901959,0.669542,16121,0.009658813
c4_poseidon2_actor_authorization,32,8,0.000387459,0.420500,11675,0.009658813
c5_poseidon2_nullifier_empty_leaf,32,8,0.010114791,10.094709,276367,0.009658813
c2_poseidon2_merkle_depth16,32,9,0.010224875,10.091583,275803,0.009658813
c3_threshold_time,32,9,0.003928625,0.675459,16106,0.009658813
c4_poseidon2_actor_authorization,32,9,0.000397417,0.420208,11743,0.009658813
c5_poseidon2_nullifier_empty_leaf,32,9,0.010019875,10.137250,276486,0.009658813
c2_poseidon2_merkle_depth16,32,10,0.010015750,10.087167,275551,0.009658813
c3_threshold_time,32,10,0.003869375,0.660167,16027,0.009658813
c4_poseidon2_actor_authorization,32,10,0.000377917,0.415541,11684,0.009658813
c5_poseidon2_nullifier_empty_leaf,32,10,0.017144125,13.642083,276142,0.009719849
c2_poseidon2_merkle_depth16,32,11,0.010257792,10.082833,275666,0.009719849
c3_threshold_time,32,11,0.003894958,0.664625,16090,0.009719849
c4_poseidon2_actor_authorization,32,11,0.000388750,0.418791,11736,0.009719849
c5_poseidon2_nullifier_empty_leaf,32,11,0.010087917,10.099833,276519,0.009719849
c2_poseidon2_merkle_depth16,32,12,0.010028875,10.180459,275581,0.009719849
c3_threshold_time,32,12,0.003970667,0.668416,16124,0.009719849
c4_poseidon2_actor_authorization,32,12,0.000394500,0.420167,11680,0.009719849
c5_poseidon2_nullifier_empty_leaf,32,12,0.010099958,10.086625,276320,0.009719849
c2_poseidon2_merkle_depth16,32,13,0.010103125,10.225083,275826,0.009719849
c3_threshold_time,32,13,0.003897750,0.665333,16096,0.009735107
c4_poseidon2_actor_authorization,32,13,0.000384375,0.416500,11693,0.009735107
c5_poseidon2_nullifier_empty_leaf,32,13,0.010048041,10.098792,276522,0.009735107
c2_poseidon2_merkle_depth16,32,14,0.010010250,10.074167,275737,0.009735107
c3_threshold_time,32,14,0.003889167,0.659042,16092,0.009735107
c4_poseidon2_actor_authorization,32,14,0.000377750,0.415417,11683,0.009735107
c5_poseidon2_nullifier_empty_leaf,32,14,0.009998125,10.105875,275891,0.009735107
c2_poseidon2_merkle_depth16,32,15,0.009986458,10.111541,275856,0.009735107
c3_threshold_time,32,15,0.003881625,0.663334,16086,0.009735107
c4_poseidon2_actor_authorization,32,15,0.000380667,0.439500,11720,0.009735107
c5_poseidon2_nullifier_empty_leaf,32,15,0.010085667,10.095833,276134,0.009735107
c2_poseidon2_merkle_depth16,32,16,0.010046959,10.086333,275789,0.009735107
c3_threshold_time,32,16,0.003881334,0.659875,16043,0.009735107
c4_poseidon2_actor_authorization,32,16,0.000390375,0.416583,11634,0.009735107
c5_poseidon2_nullifier_empty_leaf,32,16,0.009993833,10.120333,275825,0.009735107
c2_poseidon2_merkle_depth16,32,17,0.010001333,10.067458,275510,0.009735107
c3_threshold_time,32,17,0.003873125,0.660084,16086,0.009735107
c4_poseidon2_actor_authorization,32,17,0.000380500,0.416583,11727,0.009735107
c5_poseidon2_nullifier_empty_leaf,32,17,0.010110834,10.074083,276288,0.009735107
c2_poseidon2_merkle_depth16,32,18,0.010016041,10.066417,275666,0.009735107
c3_threshold_time,32,18,0.004026459,0.687125,16084,0.009735107
c4_poseidon2_actor_authorization,32,18,0.000432917,0.423250,11647,0.009735107
c5_poseidon2_nullifier_empty_leaf,32,18,0.010170042,10.115208,276214,0.009735107
c2_poseidon2_merkle_depth16,32,19,0.010139667,10.124125,275907,0.009735107
c3_threshold_time,32,19,0.003969958,0.672500,16037,0.009735107
c4_poseidon2_actor_authorization,32,19,0.000398542,0.424208,11717,0.009735107
c5_poseidon2_nullifier_empty_leaf,32,19,0.010492333,10.789208,276629,0.009735107
c2_poseidon2_merkle_depth16,32,20,0.010429500,10.523916,275597,0.009735107
c3_threshold_time,32,20,0.003982041,0.702209,16067,0.009735107
c4_poseidon2_actor_authorization,32,20,0.000436375,0.419375,11698,0.009735107
c5_poseidon2_nullifier_empty_leaf,32,20,0.010192375,10.099833,276295,0.009735107
c2_poseidon2_merkle_depth16,32,21,0.010787083,10.607584,275528,0.009735107
c3_threshold_time,32,21,0.004126875,0.664417,16048,0.009735107
c4_poseidon2_actor_authorization,32,21,0.000390041,0.419208,11745,0.009735107
c5_poseidon2_nullifier_empty_leaf,32,21,0.010883125,10.386875,275756,0.009735107
c2_poseidon2_merkle_depth16,32,22,0.010898125,10.348916,275863,0.009735107
c3_threshold_time,32,22,0.004204791,0.670500,16116,0.009735107
c4_poseidon2_actor_authorization,32,22,0.000537667,0.419917,11653,0.009735107
c5_poseidon2_nullifier_empty_leaf,32,22,0.010863542,10.394625,275920,0.009735107
c2_poseidon2_merkle_depth16,32,23,0.010486667,11.275750,275781,0.009735107
c3_threshold_time,32,23,0.004083500,0.713542,16052,0.009735107
c4_poseidon2_actor_authorization,32,23,0.000469625,0.475750,11679,0.009735107
c5_poseidon2_nullifier_empty_leaf,32,23,0.011626041,10.487125,276347,0.009735107
c2_poseidon2_merkle_depth16,32,24,0.010712292,10.752792,275663,0.009735107
c3_threshold_time,32,24,0.004197666,0.701167,16081,0.009735107
c4_poseidon2_actor_authorization,32,24,0.000397292,0.425333,11744,0.009735107
c5_poseidon2_nullifier_empty_leaf,32,24,0.010772333,10.282375,276053,0.009735107
c2_poseidon2_merkle_depth16,32,25,0.010637334,10.279583,275861,0.009735107
c3_threshold_time,32,25,0.003940667,0.667833,16058,0.009735107
c4_poseidon2_actor_authorization,32,25,0.000396334,0.443250,11671,0.009735107
c5_poseidon2_nullifier_empty_leaf,32,25,0.010290875,10.825959,276735,0.009735107
c2_poseidon2_merkle_depth16,32,26,0.010116958,10.142042,275465,0.009735107
c3_threshold_time,32,26,0.003885584,0.661166,16108,0.009735107
c4_poseidon2_actor_authorization,32,26,0.000382792,0.429667,11717,0.009735107
c5_poseidon2_nullifier_empty_leaf,32,26,0.010705708,10.539625,276243,0.009735107
c2_poseidon2_merkle_depth16,32,27,0.010313416,10.687708,276068,0.009735107
c3_threshold_time,32,27,0.003921875,0.675292,16138,0.009735107
c4_poseidon2_actor_authorization,32,27,0.000403750,0.424792,11741,0.009735107
c5_poseidon2_nullifier_empty_leaf,32,27,0.010429000,10.110541,275972,0.009735107
c2_poseidon2_merkle_depth16,32,28,0.010222209,10.199875,275787,0.009735107
c3_threshold_time,32,28,0.004111666,0.671125,16062,0.009735107
c4_poseidon2_actor_authorization,32,28,0.000409209,0.422833,11735,0.009735107
c5_poseidon2_nullifier_empty_leaf,32,28,0.010584125,10.216167,276338,0.009735107
c2_poseidon2_merkle_depth16,32,29,0.010195916,10.085792,276011,0.009735107
c3_threshold_time,32,29,0.003915792,0.669000,16075,0.009735107
c4_poseidon2_actor_authorization,32,29,0.000393459,0.418917,11661,0.009735107
c5_poseidon2_nullifier_empty_leaf,32,29,0.010092333,10.066958,276483,0.009735107
c2_poseidon2_merkle_depth16,32,30,0.010146291,11.073709,275476,0.009735107
c3_threshold_time,32,30,0.003988167,0.677416,16080,0.009735107
c4_poseidon2_actor_authorization,32,30,0.000391958,0.427791,11673,0.009735107
c5_poseidon2_nullifier_empty_leaf,32,30,0.010567542,10.421416,276286,0.009735107
c2_poseidon2_merkle_depth16,64,1,0.066285708,32.419417,275936,0.009735107
c3_threshold_time,64,1,0.008412042,0.802625,19012,0.009765625
c4_poseidon2_actor_authorization,64,1,0.000420625,0.449750,11674,0.009765625
c5_poseidon2_nullifier_empty_leaf,64,1,0.010364958,32.506042,275909,0.009765625
c2_poseidon2_merkle_depth16,64,2,0.010901542,10.688500,275322,0.009765625
c3_threshold_time,64,2,0.008071250,0.768167,19046,0.009780884
c4_poseidon2_actor_authorization,64,2,0.000425750,0.417584,11724,0.009780884
c5_poseidon2_nullifier_empty_leaf,64,2,0.010978208,10.206583,276261,0.009780884
c2_poseidon2_merkle_depth16,64,3,0.011141417,10.529209,275573,0.009780884
c3_threshold_time,64,3,0.007774375,0.744292,18978,0.009780884
c4_poseidon2_actor_authorization,64,3,0.000382042,0.420500,11733,0.009780884
c5_poseidon2_nullifier_empty_leaf,64,3,0.010257167,10.090209,276060,0.009780884
c2_poseidon2_merkle_depth16,64,4,0.010821625,10.276208,275337,0.009780884
c3_threshold_time,64,4,0.008957791,0.824333,19056,0.009780884
c4_poseidon2_actor_authorization,64,4,0.000462833,0.524375,11755,0.009780884
c5_poseidon2_nullifier_empty_leaf,64,4,0.010583083,10.548709,276348,0.009780884
c2_poseidon2_merkle_depth16,64,5,0.010758500,10.162875,275674,0.009780884
c3_threshold_time,64,5,0.008145500,0.751084,19040,0.009780884
c4_poseidon2_actor_authorization,64,5,0.000382875,0.420209,11661,0.009780884
c5_poseidon2_nullifier_empty_leaf,64,5,0.010445500,10.969833,276106,0.009780884
c2_poseidon2_merkle_depth16,64,6,0.011028625,10.689709,275505,0.009780884
c3_threshold_time,64,6,0.007919083,0.797583,19015,0.009780884
c4_poseidon2_actor_authorization,64,6,0.000421625,0.434750,11717,0.009780884
c5_poseidon2_nullifier_empty_leaf,64,6,0.010949000,10.567416,276223,0.009780884
c2_poseidon2_merkle_depth16,64,7,0.019552125,10.436584,275765,0.009780884
c3_threshold_time,64,7,0.007804000,0.780917,19071,0.009780884
c4_poseidon2_actor_authorization,64,7,0.000411958,0.466958,11690,0.009780884
c5_poseidon2_nullifier_empty_leaf,64,7,0.010562125,10.818459,276503,0.009780884
c2_poseidon2_merkle_depth16,64,8,0.010874375,10.546083,275643,0.009780884
c3_threshold_time,64,8,0.008025416,0.757584,19028,0.009780884
c4_poseidon2_actor_authorization,64,8,0.000394625,0.421917,11724,0.009780884
c5_poseidon2_nullifier_empty_leaf,64,8,0.011233167,10.704833,275862,0.009796143
c2_poseidon2_merkle_depth16,64,9,0.010948209,10.727125,275566,0.009796143
c3_threshold_time,64,9,0.007873625,0.773791,19092,0.009796143
c4_poseidon2_actor_authorization,64,9,0.000395333,0.484875,11653,0.009796143
c5_poseidon2_nullifier_empty_leaf,64,9,0.011156166,10.667875,275637,0.009796143
c2_poseidon2_merkle_depth16,64,10,0.010631250,10.379125,275406,0.009796143
c3_threshold_time,64,10,0.007748042,0.751833,19050,0.009796143
c4_poseidon2_actor_authorization,64,10,0.000397250,0.448833,11665,0.009796143
c5_poseidon2_nullifier_empty_leaf,64,10,0.010517834,10.315208,276383,0.009796143
c2_poseidon2_merkle_depth16,64,11,0.010314417,10.148708,275749,0.009796143
c3_threshold_time,64,11,0.007618333,0.745000,19071,0.009796143
c4_poseidon2_actor_authorization,64,11,0.000389583,0.418875,11654,0.009796143
c5_poseidon2_nullifier_empty_leaf,64,11,0.011308459,10.530458,276115,0.009796143
c2_poseidon2_merkle_depth16,64,12,0.011532833,10.697083,275495,0.009796143
c3_threshold_time,64,12,0.007976000,0.746208,19061,0.009796143
c4_poseidon2_actor_authorization,64,12,0.000558792,0.464000,11690,0.009796143
c5_poseidon2_nullifier_empty_leaf,64,12,0.010588834,10.939792,276420,0.009796143
c2_poseidon2_merkle_depth16,64,13,0.010789250,10.830541,275451,0.009796143
c3_threshold_time,64,13,0.007855166,0.772208,18930,0.009796143
c4_poseidon2_actor_authorization,64,13,0.000383250,0.419125,11734,0.009796143
c5_poseidon2_nullifier_empty_leaf,64,13,0.010218417,10.721750,276194,0.009796143
c2_poseidon2_merkle_depth16,64,14,0.010489000,10.730541,275596,0.009796143
c3_threshold_time,64,14,0.007860542,0.862708,19039,0.009796143
c4_poseidon2_actor_authorization,64,14,0.000469250,0.421375,11709,0.009796143
c5_poseidon2_nullifier_empty_leaf,64,14,0.010200792,10.215458,275933,0.009796143
c2_poseidon2_merkle_depth16,64,15,0.011592291,11.394834,275837,0.009796143
c3_threshold_time,64,15,0.008489500,0.784833,19023,0.009796143
c4_poseidon2_actor_authorization,64,15,0.000413375,0.432959,11700,0.009796143
c5_poseidon2_nullifier_empty_leaf,64,15,0.010726000,10.614666,276323,0.009796143
c2_poseidon2_merkle_depth16,64,16,0.010640583,10.377375,275741,0.009796143
c3_threshold_time,64,16,0.007816208,0.757125,18976,0.009796143
c4_poseidon2_actor_authorization,64,16,0.000392792,0.433542,11661,0.009796143
c5_poseidon2_nullifier_empty_leaf,64,16,0.010347250,10.267917,276153,0.009796143
c2_poseidon2_merkle_depth16,64,17,0.010678458,10.511625,275457,0.009796143
c3_threshold_time,64,17,0.007888333,0.756959,19064,0.009796143
c4_poseidon2_actor_authorization,64,17,0.000387875,0.416875,11678,0.009796143
c5_poseidon2_nullifier_empty_leaf,64,17,0.010689667,10.478042,276691,0.009796143
c2_poseidon2_merkle_depth16,64,18,0.010832167,10.423833,275378,0.009796143
c3_threshold_time,64,18,0.007847334,0.816834,19078,0.009796143
c4_poseidon2_actor_authorization,64,18,0.000388750,0.428750,11726,0.009796143
c5_poseidon2_nullifier_empty_leaf,64,18,0.011023041,10.279875,276216,0.009796143
c2_poseidon2_merkle_depth16,64,19,0.010509417,10.559833,275820,0.009796143
c3_threshold_time,64,19,0.007931291,0.750750,19032,0.009796143
c4_poseidon2_actor_authorization,64,19,0.000400583,0.418292,11681,0.009796143
c5_poseidon2_nullifier_empty_leaf,64,19,0.010302875,10.172541,276638,0.009796143
c2_poseidon2_merkle_depth16,64,20,0.011123291,10.321000,275629,0.009796143
c3_threshold_time,64,20,0.007882083,0.751208,19046,0.009796143
c4_poseidon2_actor_authorization,64,20,0.000386834,0.416625,11716,0.009796143
c5_poseidon2_nullifier_empty_leaf,64,20,0.010579375,10.423250,276212,0.009796143
c2_poseidon2_merkle_depth16,64,21,0.010334709,10.332584,275718,0.009796143
c3_threshold_time,64,21,0.007828958,0.753792,19027,0.009796143
c4_poseidon2_actor_authorization,64,21,0.000396916,0.420333,11621,0.009796143
c5_poseidon2_nullifier_empty_leaf,64,21,0.010661917,10.149250,276088,0.009796143
c2_poseidon2_merkle_depth16,64,22,0.010267875,10.399167,275682,0.009796143
c3_threshold_time,64,22,0.007715000,0.758000,18999,0.009796143
c4_poseidon2_actor_authorization,64,22,0.000399916,0.421958,11779,0.009796143
c5_poseidon2_nullifier_empty_leaf,64,22,0.010688042,10.534375,275970,0.009796143
c2_poseidon2_merkle_depth16,64,23,0.010786000,10.442417,275565,0.009796143
c3_threshold_time,64,23,0.007797959,0.785625,19052,0.009796143
c4_poseidon2_actor_authorization,64,23,0.000401750,0.430167,11724,0.009796143
c5_poseidon2_nullifier_empty_leaf,64,23,0.010107875,10.245333,275747,0.009796143
c2_poseidon2_merkle_depth16,64,24,0.010085916,10.127791,275935,0.009796143
c3_threshold_time,64,24,0.007624500,0.745667,19098,0.009796143
c4_poseidon2_actor_authorization,64,24,0.000386958,0.418541,11681,0.009796143
c5_poseidon2_nullifier_empty_leaf,64,24,0.010033833,10.182250,275804,0.009796143
c2_poseidon2_merkle_depth16,64,25,0.010473708,10.263875,275737,0.009796143
c3_threshold_time,64,25,0.007832125,0.813833,19017,0.009796143
c4_poseidon2_actor_authorization,64,25,0.000390041,0.436750,11760,0.009796143
c5_poseidon2_nullifier_empty_leaf,64,25,0.010785750,10.350208,276281,0.009796143
c2_poseidon2_merkle_depth16,64,26,0.010509875,10.195291,275673,0.009796143
c3_threshold_time,64,26,0.007628167,0.790958,19067,0.009796143
c4_poseidon2_actor_authorization,64,26,0.000396416,0.424250,11804,0.009796143
c5_poseidon2_nullifier_empty_leaf,64,26,0.010112417,10.263208,276179,0.009796143
c2_poseidon2_merkle_depth16,64,27,0.010871166,10.348625,275916,0.009796143
c3_threshold_time,64,27,0.007804292,0.769958,19037,0.009796143
c4_poseidon2_actor_authorization,64,27,0.000400875,0.422000,11771,0.009796143
c5_poseidon2_nullifier_empty_leaf,64,27,0.010115584,10.429708,276524,0.009796143
c2_poseidon2_merkle_depth16,64,28,0.010283041,10.235167,275647,0.009796143
c3_threshold_time,64,28,0.007657958,0.746417,19090,0.009796143
c4_poseidon2_actor_authorization,64,28,0.000398542,0.459209,11629,0.009796143
c5_poseidon2_nullifier_empty_leaf,64,28,0.010237250,10.248000,276413,0.009796143
c2_poseidon2_merkle_depth16,64,29,0.011173583,10.448833,275916,0.009796143
c3_threshold_time,64,29,0.007795375,0.761584,19057,0.009796143
c4_poseidon2_actor_authorization,64,29,0.000388000,0.417541,11714,0.009796143
c5_poseidon2_nullifier_empty_leaf,64,29,0.011249667,11.044958,276169,0.009796143
c2_poseidon2_merkle_depth16,64,30,0.011133666,10.501833,275901,0.009796143
c3_threshold_time,64,30,0.007982500,0.774458,19022,0.009796143
c4_poseidon2_actor_authorization,64,30,0.000560375,0.485750,11681,0.009796143
c5_poseidon2_nullifier_empty_leaf,64,30,0.011250458,11.212750,276303,0.009796143
