phase,cell_id,run_id,np,shipment,epoch_s,seed,seed_index,seeds_per_cell,lambda_events_per_min,offered_load_epm,epochs_target
screening,screening-np125-sh16-ep30,screening-np125-sh16-ep30#s171818478,125,16,30,171818478,0,1,3.84,480.0,4
screening,screening-np125-sh16-ep60,screening-np125-sh16-ep60#s2093134805,125,16,60,2093134805,0,1,3.84,480.0,4
screening,screening-np125-sh16-ep120,screening-np125-sh16-ep120#s320795366,125,16,120,320795366,0,1,3.84,480.0,4
screening,screening-np125-sh16-ep300,screening-np125-sh16-ep300#s2862939090,125,16,300,2862939090,0,1,3.84,480.0,4
screening,screening-np125-sh32-ep30,screening-np125-sh32-ep30#s3941116334,125,32,30,3941116334,0,1,3.84,480.0,4
screening,screening-np125-sh32-ep60,screening-np125-sh32-ep60#s4190089789,125,32,60,4190089789,0,1,3.84,480.0,4
screening,screening-np125-sh32-ep120,screening-np125-sh32-ep120#s2989670059,125,32,120,2989670059,0,1,3.84,480.0,4
screening,screening-np125-sh32-ep300,screening-np125-sh32-ep300#s3572812162,125,32,300,3572812162,0,1,3.84,480.0,4
screening,screening-np125-sh64-ep30,screening-np125-sh64-ep30#s723000286,125,64,30,723000286,0,1,3.84,480.0,4
screening,screening-np125-sh64-ep60,screening-np125-sh64-ep60#s4035467540,125,64,60,4035467540,0,1,3.84,480.0,4
screening,screening-np125-sh64-ep120,screening-np125-sh64-ep120#s1891260303,125,64,120,1891260303,0,1,3.84,480.0,4
screening,screening-np125-sh64-ep300,screening-np125-sh64-ep300#s1699056578,125,64,300,1699056578,0,1,3.84,480.0,4
screening,screening-np125-sh128-ep30,screening-np125-sh128-ep30#s795722898,125,128,30,795722898,0,1,3.84,480.0,4
screening,screening-np125-sh128-ep60,screening-np125-sh128-ep60#s3791966942,125,128,60,3791966942,0,1,3.84,480.0,4
screening,screening-np125-sh128-ep120,screening-np125-sh128-ep120#s3323195842,125,128,120,3323195842,0,1,3.84,480.0,4
screening,screening-np125-sh128-ep300,screening-np125-sh128-ep300#s2190143304,125,128,300,2190143304,0,1,3.84,480.0,4
screening,screening-np250-sh16-ep30,screening-np250-sh16-ep30#s1997119946,250,16,30,1997119946,0,1,3.84,960.0,4
screening,screening-np250-sh16-ep60,screening-np250-sh16-ep60#s1023851366,250,16,60,1023851366,0,1,3.84,960.0,4
screening,screening-np250-sh16-ep120,screening-np250-sh16-ep120#s3112027097,250,16,120,3112027097,0,1,3.84,960.0,4
screening,screening-np250-sh16-ep300,screening-np250-sh16-ep300#s1716236382,250,16,300,1716236382,0,1,3.84,960.0,4
screening,screening-np250-sh32-ep30,screening-np250-sh32-ep30#s381359892,250,32,30,381359892,0,1,3.84,960.0,4
screening,screening-np250-sh32-ep60,screening-np250-sh32-ep60#s1567458450,250,32,60,1567458450,0,1,3.84,960.0,4
screening,screening-np250-sh32-ep120,screening-np250-sh32-ep120#s3570549053,250,32,120,3570549053,0,1,3.84,960.0,4
screening,screening-np250-sh32-ep300,screening-np250-sh32-ep300#s1263182262,250,32,300,1263182262,0,1,3.84,960.0,4
screening,screening-np250-sh64-ep30,screening-np250-sh64-ep30#s4104998717,250,64,30,4104998717,0,1,3.84,960.0,4
screening,screening-np250-sh64-ep60,screening-np250-sh64-ep60#s3863570591,250,64,60,3863570591,0,1,3.84,960.0,4
screening,screening-np250-sh64-ep120,screening-np250-sh64-ep120#s3873616900,250,64,120,3873616900,0,1,3.84,960.0,4
screening,screening-np250-sh64-ep300,screening-np250-sh64-ep300#s2901557352,250,64,300,2901557352,0,1,3.84,960.0,4
screening,screening-np250-sh128-ep30,screening-np250-sh128-ep30#s4219345461,250,128,30,4219345461,0,1,3.84,960.0,4
screening,screening-np250-sh128-ep60,screening-np250-sh128-ep60#s3697758006,250,128,60,3697758006,0,1,3.84,960.0,4
screening,screening-np250-sh128-ep120,screening-np250-sh128-ep120#s4137041237,250,128,120,4137041237,0,1,3.84,960.0,4
screening,screening-np250-sh128-ep300,screening-np250-sh128-ep300#s2336423816,250,128,300,2336423816,0,1,3.84,960.0,4
screening,screening-np500-sh16-ep30,screening-np500-sh16-ep30#s4133438051,500,16,30,4133438051,0,1,3.84,1920.0,4
screening,screening-np500-sh16-ep60,screening-np500-sh16-ep60#s4017755875,500,16,60,4017755875,0,1,3.84,1920.0,4
screening,screening-np500-sh16-ep120,screening-np500-sh16-ep120#s929421643,500,16,120,929421643,0,1,3.84,1920.0,4
screening,screening-np500-sh16-ep300,screening-np500-sh16-ep300#s3338131914,500,16,300,3338131914,0,1,3.84,1920.0,4
screening,screening-np500-sh32-ep30,screening-np500-sh32-ep30#s2400845041,500,32,30,2400845041,0,1,3.84,1920.0,4
screening,screening-np500-sh32-ep60,screening-np500-sh32-ep60#s2784702370,500,32,60,2784702370,0,1,3.84,1920.0,4
screening,screening-np500-sh32-ep120,screening-np500-sh32-ep120#s3723759,500,32,120,3723759,0,1,3.84,1920.0,4
screening,screening-np500-sh32-ep300,screening-np500-sh32-ep300#s3966868553,500,32,300,3966868553,0,1,3.84,1920.0,4
screening,screening-np500-sh64-ep30,screening-np500-sh64-ep30#s4169507304,500,64,30,4169507304,0,1,3.84,1920.0,4
screening,screening-np500-sh64-ep60,screening-np500-sh64-ep60#s2803196518,500,64,60,2803196518,0,1,3.84,1920.0,4
screening,screening-np500-sh64-ep120,screening-np500-sh64-ep120#s3152199012,500,64,120,3152199012,0,1,3.84,1920.0,4
screening,screening-np500-sh64-ep300,screening-np500-sh64-ep300#s2170355584,500,64,300,2170355584,0,1,3.84,1920.0,4
screening,screening-np500-sh128-ep30,screening-np500-sh128-ep30#s2568054418,500,128,30,2568054418,0,1,3.84,1920.0,4
screening,screening-np500-sh128-ep60,screening-np500-sh128-ep60#s2797381633,500,128,60,2797381633,0,1,3.84,1920.0,4
screening,screening-np500-sh128-ep120,screening-np500-sh128-ep120#s2646340336,500,128,120,2646340336,0,1,3.84,1920.0,4
screening,screening-np500-sh128-ep300,screening-np500-sh128-ep300#s3827474735,500,128,300,3827474735,0,1,3.84,1920.0,4
screening,screening-np1000-sh16-ep30,screening-np1000-sh16-ep30#s318675181,1000,16,30,318675181,0,1,3.84,3840.0,4
screening,screening-np1000-sh16-ep60,screening-np1000-sh16-ep60#s2218398167,1000,16,60,2218398167,0,1,3.84,3840.0,4
screening,screening-np1000-sh16-ep120,screening-np1000-sh16-ep120#s3674134399,1000,16,120,3674134399,0,1,3.84,3840.0,4
screening,screening-np1000-sh16-ep300,screening-np1000-sh16-ep300#s4042496712,1000,16,300,4042496712,0,1,3.84,3840.0,4
screening,screening-np1000-sh32-ep30,screening-np1000-sh32-ep30#s1855066964,1000,32,30,1855066964,0,1,3.84,3840.0,4
screening,screening-np1000-sh32-ep60,screening-np1000-sh32-ep60#s3521079933,1000,32,60,3521079933,0,1,3.84,3840.0,4
screening,screening-np1000-sh32-ep120,screening-np1000-sh32-ep120#s3573536959,1000,32,120,3573536959,0,1,3.84,3840.0,4
screening,screening-np1000-sh32-ep300,screening-np1000-sh32-ep300#s161677594,1000,32,300,161677594,0,1,3.84,3840.0,4
screening,screening-np1000-sh64-ep30,screening-np1000-sh64-ep30#s1628520357,1000,64,30,1628520357,0,1,3.84,3840.0,4
screening,screening-np1000-sh64-ep60,screening-np1000-sh64-ep60#s465680289,1000,64,60,465680289,0,1,3.84,3840.0,4
screening,screening-np1000-sh64-ep120,screening-np1000-sh64-ep120#s3536419875,1000,64,120,3536419875,0,1,3.84,3840.0,4
screening,screening-np1000-sh64-ep300,screening-np1000-sh64-ep300#s2394132765,1000,64,300,2394132765,0,1,3.84,3840.0,4
screening,screening-np1000-sh128-ep30,screening-np1000-sh128-ep30#s4089836405,1000,128,30,4089836405,0,1,3.84,3840.0,4
screening,screening-np1000-sh128-ep60,screening-np1000-sh128-ep60#s3958231960,1000,128,60,3958231960,0,1,3.84,3840.0,4
screening,screening-np1000-sh128-ep120,screening-np1000-sh128-ep120#s534371862,1000,128,120,534371862,0,1,3.84,3840.0,4
screening,screening-np1000-sh128-ep300,screening-np1000-sh128-ep300#s2877104227,1000,128,300,2877104227,0,1,3.84,3840.0,4
screening,screening-np2000-sh16-ep30,screening-np2000-sh16-ep30#s3041424106,2000,16,30,3041424106,0,1,3.84,7680.0,4
screening,screening-np2000-sh16-ep60,screening-np2000-sh16-ep60#s448467613,2000,16,60,448467613,0,1,3.84,7680.0,4
screening,screening-np2000-sh16-ep120,screening-np2000-sh16-ep120#s3184729290,2000,16,120,3184729290,0,1,3.84,7680.0,4
screening,screening-np2000-sh16-ep300,screening-np2000-sh16-ep300#s3672695644,2000,16,300,3672695644,0,1,3.84,7680.0,4
screening,screening-np2000-sh32-ep30,screening-np2000-sh32-ep30#s1358078116,2000,32,30,1358078116,0,1,3.84,7680.0,4
screening,screening-np2000-sh32-ep60,screening-np2000-sh32-ep60#s926682307,2000,32,60,926682307,0,1,3.84,7680.0,4
screening,screening-np2000-sh32-ep120,screening-np2000-sh32-ep120#s811324364,2000,32,120,811324364,0,1,3.84,7680.0,4
screening,screening-np2000-sh32-ep300,screening-np2000-sh32-ep300#s3993766293,2000,32,300,3993766293,0,1,3.84,7680.0,4
screening,screening-np2000-sh64-ep30,screening-np2000-sh64-ep30#s2384598732,2000,64,30,2384598732,0,1,3.84,7680.0,4
screening,screening-np2000-sh64-ep60,screening-np2000-sh64-ep60#s689217120,2000,64,60,689217120,0,1,3.84,7680.0,4
screening,screening-np2000-sh64-ep120,screening-np2000-sh64-ep120#s777472263,2000,64,120,777472263,0,1,3.84,7680.0,4
screening,screening-np2000-sh64-ep300,screening-np2000-sh64-ep300#s259842651,2000,64,300,259842651,0,1,3.84,7680.0,4
screening,screening-np2000-sh128-ep30,screening-np2000-sh128-ep30#s4252492336,2000,128,30,4252492336,0,1,3.84,7680.0,4
screening,screening-np2000-sh128-ep60,screening-np2000-sh128-ep60#s1986202838,2000,128,60,1986202838,0,1,3.84,7680.0,4
screening,screening-np2000-sh128-ep120,screening-np2000-sh128-ep120#s2065044414,2000,128,120,2065044414,0,1,3.84,7680.0,4
screening,screening-np2000-sh128-ep300,screening-np2000-sh128-ep300#s604202203,2000,128,300,604202203,0,1,3.84,7680.0,4
confirmation,confirmation-np125-sh16-ep30,confirmation-np125-sh16-ep30#s528301879,125,16,30,528301879,0,10,3.84,480.0,4
confirmation,confirmation-np125-sh16-ep30,confirmation-np125-sh16-ep30#s1618607642,125,16,30,1618607642,1,10,3.84,480.0,4
confirmation,confirmation-np125-sh16-ep30,confirmation-np125-sh16-ep30#s3797329007,125,16,30,3797329007,2,10,3.84,480.0,4
confirmation,confirmation-np125-sh16-ep30,confirmation-np125-sh16-ep30#s1309469296,125,16,30,1309469296,3,10,3.84,480.0,4
confirmation,confirmation-np125-sh16-ep30,confirmation-np125-sh16-ep30#s3547789075,125,16,30,3547789075,4,10,3.84,480.0,4
confirmation,confirmation-np125-sh16-ep30,confirmation-np125-sh16-ep30#s3351136857,125,16,30,3351136857,5,10,3.84,480.0,4
confirmation,confirmation-np125-sh16-ep30,confirmation-np125-sh16-ep30#s4235984765,125,16,30,4235984765,6,10,3.84,480.0,4
confirmation,confirmation-np125-sh16-ep30,confirmation-np125-sh16-ep30#s3866786627,125,16,30,3866786627,7,10,3.84,480.0,4
confirmation,confirmation-np125-sh16-ep30,confirmation-np125-sh16-ep30#s905151580,125,16,30,905151580,8,10,3.84,480.0,4
confirmation,confirmation-np125-sh16-ep30,confirmation-np125-sh16-ep30#s2330981922,125,16,30,2330981922,9,10,3.84,480.0,4
confirmation,confirmation-np125-sh16-ep120,confirmation-np125-sh16-ep120#s3223069689,125,16,120,3223069689,0,10,3.84,480.0,4
confirmation,confirmation-np125-sh16-ep120,confirmation-np125-sh16-ep120#s3951907934,125,16,120,3951907934,1,10,3.84,480.0,4
confirmation,confirmation-np125-sh16-ep120,confirmation-np125-sh16-ep120#s2066530753,125,16,120,2066530753,2,10,3.84,480.0,4
confirmation,confirmation-np125-sh16-ep120,confirmation-np125-sh16-ep120#s2770755695,125,16,120,2770755695,3,10,3.84,480.0,4
confirmation,confirmation-np125-sh16-ep120,confirmation-np125-sh16-ep120#s1698323389,125,16,120,1698323389,4,10,3.84,480.0,4
confirmation,confirmation-np125-sh16-ep120,confirmation-np125-sh16-ep120#s4125899280,125,16,120,4125899280,5,10,3.84,480.0,4
confirmation,confirmation-np125-sh16-ep120,confirmation-np125-sh16-ep120#s2455419633,125,16,120,2455419633,6,10,3.84,480.0,4
confirmation,confirmation-np125-sh16-ep120,confirmation-np125-sh16-ep120#s3917038413,125,16,120,3917038413,7,10,3.84,480.0,4
confirmation,confirmation-np125-sh16-ep120,confirmation-np125-sh16-ep120#s3268643572,125,16,120,3268643572,8,10,3.84,480.0,4
confirmation,confirmation-np125-sh16-ep120,confirmation-np125-sh16-ep120#s3085291120,125,16,120,3085291120,9,10,3.84,480.0,4
confirmation,confirmation-np125-sh16-ep300,confirmation-np125-sh16-ep300#s227778667,125,16,300,227778667,0,10,3.84,480.0,4
confirmation,confirmation-np125-sh16-ep300,confirmation-np125-sh16-ep300#s973931287,125,16,300,973931287,1,10,3.84,480.0,4
confirmation,confirmation-np125-sh16-ep300,confirmation-np125-sh16-ep300#s3877504241,125,16,300,3877504241,2,10,3.84,480.0,4
confirmation,confirmation-np125-sh16-ep300,confirmation-np125-sh16-ep300#s2504416206,125,16,300,2504416206,3,10,3.84,480.0,4
confirmation,confirmation-np125-sh16-ep300,confirmation-np125-sh16-ep300#s1319015398,125,16,300,1319015398,4,10,3.84,480.0,4
confirmation,confirmation-np125-sh16-ep300,confirmation-np125-sh16-ep300#s85764349,125,16,300,85764349,5,10,3.84,480.0,4
confirmation,confirmation-np125-sh16-ep300,confirmation-np125-sh16-ep300#s1593228381,125,16,300,1593228381,6,10,3.84,480.0,4
confirmation,confirmation-np125-sh16-ep300,confirmation-np125-sh16-ep300#s3355533502,125,16,300,3355533502,7,10,3.84,480.0,4
confirmation,confirmation-np125-sh16-ep300,confirmation-np125-sh16-ep300#s876706192,125,16,300,876706192,8,10,3.84,480.0,4
confirmation,confirmation-np125-sh16-ep300,confirmation-np125-sh16-ep300#s884395696,125,16,300,884395696,9,10,3.84,480.0,4
confirmation,confirmation-np125-sh64-ep30,confirmation-np125-sh64-ep30#s2542034987,125,64,30,2542034987,0,10,3.84,480.0,4
confirmation,confirmation-np125-sh64-ep30,confirmation-np125-sh64-ep30#s3137923185,125,64,30,3137923185,1,10,3.84,480.0,4
confirmation,confirmation-np125-sh64-ep30,confirmation-np125-sh64-ep30#s2226802479,125,64,30,2226802479,2,10,3.84,480.0,4
confirmation,confirmation-np125-sh64-ep30,confirmation-np125-sh64-ep30#s882610861,125,64,30,882610861,3,10,3.84,480.0,4
confirmation,confirmation-np125-sh64-ep30,confirmation-np125-sh64-ep30#s3917272465,125,64,30,3917272465,4,10,3.84,480.0,4
confirmation,confirmation-np125-sh64-ep30,confirmation-np125-sh64-ep30#s4055781071,125,64,30,4055781071,5,10,3.84,480.0,4
confirmation,confirmation-np125-sh64-ep30,confirmation-np125-sh64-ep30#s3950305889,125,64,30,3950305889,6,10,3.84,480.0,4
confirmation,confirmation-np125-sh64-ep30,confirmation-np125-sh64-ep30#s34691623,125,64,30,34691623,7,10,3.84,480.0,4
confirmation,confirmation-np125-sh64-ep30,confirmation-np125-sh64-ep30#s2830214352,125,64,30,2830214352,8,10,3.84,480.0,4
confirmation,confirmation-np125-sh64-ep30,confirmation-np125-sh64-ep30#s514929011,125,64,30,514929011,9,10,3.84,480.0,4
confirmation,confirmation-np125-sh64-ep120,confirmation-np125-sh64-ep120#s3323982834,125,64,120,3323982834,0,10,3.84,480.0,4
confirmation,confirmation-np125-sh64-ep120,confirmation-np125-sh64-ep120#s2710482416,125,64,120,2710482416,1,10,3.84,480.0,4
confirmation,confirmation-np125-sh64-ep120,confirmation-np125-sh64-ep120#s1147831426,125,64,120,1147831426,2,10,3.84,480.0,4
confirmation,confirmation-np125-sh64-ep120,confirmation-np125-sh64-ep120#s26898710,125,64,120,26898710,3,10,3.84,480.0,4
confirmation,confirmation-np125-sh64-ep120,confirmation-np125-sh64-ep120#s2751575509,125,64,120,2751575509,4,10,3.84,480.0,4
confirmation,confirmation-np125-sh64-ep120,confirmation-np125-sh64-ep120#s1629069261,125,64,120,1629069261,5,10,3.84,480.0,4
confirmation,confirmation-np125-sh64-ep120,confirmation-np125-sh64-ep120#s1446775207,125,64,120,1446775207,6,10,3.84,480.0,4
confirmation,confirmation-np125-sh64-ep120,confirmation-np125-sh64-ep120#s856467900,125,64,120,856467900,7,10,3.84,480.0,4
confirmation,confirmation-np125-sh64-ep120,confirmation-np125-sh64-ep120#s1288808758,125,64,120,1288808758,8,10,3.84,480.0,4
confirmation,confirmation-np125-sh64-ep120,confirmation-np125-sh64-ep120#s1554747409,125,64,120,1554747409,9,10,3.84,480.0,4
confirmation,confirmation-np125-sh64-ep300,confirmation-np125-sh64-ep300#s4147610667,125,64,300,4147610667,0,10,3.84,480.0,4
confirmation,confirmation-np125-sh64-ep300,confirmation-np125-sh64-ep300#s594051236,125,64,300,594051236,1,10,3.84,480.0,4
confirmation,confirmation-np125-sh64-ep300,confirmation-np125-sh64-ep300#s4122693746,125,64,300,4122693746,2,10,3.84,480.0,4
confirmation,confirmation-np125-sh64-ep300,confirmation-np125-sh64-ep300#s4270714030,125,64,300,4270714030,3,10,3.84,480.0,4
confirmation,confirmation-np125-sh64-ep300,confirmation-np125-sh64-ep300#s778262098,125,64,300,778262098,4,10,3.84,480.0,4
confirmation,confirmation-np125-sh64-ep300,confirmation-np125-sh64-ep300#s1021181761,125,64,300,1021181761,5,10,3.84,480.0,4
confirmation,confirmation-np125-sh64-ep300,confirmation-np125-sh64-ep300#s3384052836,125,64,300,3384052836,6,10,3.84,480.0,4
confirmation,confirmation-np125-sh64-ep300,confirmation-np125-sh64-ep300#s729755594,125,64,300,729755594,7,10,3.84,480.0,4
confirmation,confirmation-np125-sh64-ep300,confirmation-np125-sh64-ep300#s1028123006,125,64,300,1028123006,8,10,3.84,480.0,4
confirmation,confirmation-np125-sh64-ep300,confirmation-np125-sh64-ep300#s4149364042,125,64,300,4149364042,9,10,3.84,480.0,4
confirmation,confirmation-np125-sh128-ep30,confirmation-np125-sh128-ep30#s1947123885,125,128,30,1947123885,0,10,3.84,480.0,4
confirmation,confirmation-np125-sh128-ep30,confirmation-np125-sh128-ep30#s1278274130,125,128,30,1278274130,1,10,3.84,480.0,4
confirmation,confirmation-np125-sh128-ep30,confirmation-np125-sh128-ep30#s1069206744,125,128,30,1069206744,2,10,3.84,480.0,4
confirmation,confirmation-np125-sh128-ep30,confirmation-np125-sh128-ep30#s1391241822,125,128,30,1391241822,3,10,3.84,480.0,4
confirmation,confirmation-np125-sh128-ep30,confirmation-np125-sh128-ep30#s2589415496,125,128,30,2589415496,4,10,3.84,480.0,4
confirmation,confirmation-np125-sh128-ep30,confirmation-np125-sh128-ep30#s1289142234,125,128,30,1289142234,5,10,3.84,480.0,4
confirmation,confirmation-np125-sh128-ep30,confirmation-np125-sh128-ep30#s2799931448,125,128,30,2799931448,6,10,3.84,480.0,4
confirmation,confirmation-np125-sh128-ep30,confirmation-np125-sh128-ep30#s3412558631,125,128,30,3412558631,7,10,3.84,480.0,4
confirmation,confirmation-np125-sh128-ep30,confirmation-np125-sh128-ep30#s1508471451,125,128,30,1508471451,8,10,3.84,480.0,4
confirmation,confirmation-np125-sh128-ep30,confirmation-np125-sh128-ep30#s1279189314,125,128,30,1279189314,9,10,3.84,480.0,4
confirmation,confirmation-np125-sh128-ep120,confirmation-np125-sh128-ep120#s2097267293,125,128,120,2097267293,0,10,3.84,480.0,4
confirmation,confirmation-np125-sh128-ep120,confirmation-np125-sh128-ep120#s2869569776,125,128,120,2869569776,1,10,3.84,480.0,4
confirmation,confirmation-np125-sh128-ep120,confirmation-np125-sh128-ep120#s1240495730,125,128,120,1240495730,2,10,3.84,480.0,4
confirmation,confirmation-np125-sh128-ep120,confirmation-np125-sh128-ep120#s3472361734,125,128,120,3472361734,3,10,3.84,480.0,4
confirmation,confirmation-np125-sh128-ep120,confirmation-np125-sh128-ep120#s3385522146,125,128,120,3385522146,4,10,3.84,480.0,4
confirmation,confirmation-np125-sh128-ep120,confirmation-np125-sh128-ep120#s1600764185,125,128,120,1600764185,5,10,3.84,480.0,4
confirmation,confirmation-np125-sh128-ep120,confirmation-np125-sh128-ep120#s68728137,125,128,120,68728137,6,10,3.84,480.0,4
confirmation,confirmation-np125-sh128-ep120,confirmation-np125-sh128-ep120#s1417000203,125,128,120,1417000203,7,10,3.84,480.0,4
confirmation,confirmation-np125-sh128-ep120,confirmation-np125-sh128-ep120#s2565944171,125,128,120,2565944171,8,10,3.84,480.0,4
confirmation,confirmation-np125-sh128-ep120,confirmation-np125-sh128-ep120#s2428181360,125,128,120,2428181360,9,10,3.84,480.0,4
confirmation,confirmation-np125-sh128-ep300,confirmation-np125-sh128-ep300#s3740845798,125,128,300,3740845798,0,10,3.84,480.0,4
confirmation,confirmation-np125-sh128-ep300,confirmation-np125-sh128-ep300#s2110855993,125,128,300,2110855993,1,10,3.84,480.0,4
confirmation,confirmation-np125-sh128-ep300,confirmation-np125-sh128-ep300#s87953245,125,128,300,87953245,2,10,3.84,480.0,4
confirmation,confirmation-np125-sh128-ep300,confirmation-np125-sh128-ep300#s4042975690,125,128,300,4042975690,3,10,3.84,480.0,4
confirmation,confirmation-np125-sh128-ep300,confirmation-np125-sh128-ep300#s3367899449,125,128,300,3367899449,4,10,3.84,480.0,4
confirmation,confirmation-np125-sh128-ep300,confirmation-np125-sh128-ep300#s2706382767,125,128,300,2706382767,5,10,3.84,480.0,4
confirmation,confirmation-np125-sh128-ep300,confirmation-np125-sh128-ep300#s1390228612,125,128,300,1390228612,6,10,3.84,480.0,4
confirmation,confirmation-np125-sh128-ep300,confirmation-np125-sh128-ep300#s2299836590,125,128,300,2299836590,7,10,3.84,480.0,4
confirmation,confirmation-np125-sh128-ep300,confirmation-np125-sh128-ep300#s2653266259,125,128,300,2653266259,8,10,3.84,480.0,4
confirmation,confirmation-np125-sh128-ep300,confirmation-np125-sh128-ep300#s47745854,125,128,300,47745854,9,10,3.84,480.0,4
confirmation,confirmation-np500-sh16-ep30,confirmation-np500-sh16-ep30#s1944056324,500,16,30,1944056324,0,10,3.84,1920.0,4
confirmation,confirmation-np500-sh16-ep30,confirmation-np500-sh16-ep30#s3184828441,500,16,30,3184828441,1,10,3.84,1920.0,4
confirmation,confirmation-np500-sh16-ep30,confirmation-np500-sh16-ep30#s3732383582,500,16,30,3732383582,2,10,3.84,1920.0,4
confirmation,confirmation-np500-sh16-ep30,confirmation-np500-sh16-ep30#s673806249,500,16,30,673806249,3,10,3.84,1920.0,4
confirmation,confirmation-np500-sh16-ep30,confirmation-np500-sh16-ep30#s2645307825,500,16,30,2645307825,4,10,3.84,1920.0,4
confirmation,confirmation-np500-sh16-ep30,confirmation-np500-sh16-ep30#s4229904758,500,16,30,4229904758,5,10,3.84,1920.0,4
confirmation,confirmation-np500-sh16-ep30,confirmation-np500-sh16-ep30#s2578337197,500,16,30,2578337197,6,10,3.84,1920.0,4
confirmation,confirmation-np500-sh16-ep30,confirmation-np500-sh16-ep30#s2331380076,500,16,30,2331380076,7,10,3.84,1920.0,4
confirmation,confirmation-np500-sh16-ep30,confirmation-np500-sh16-ep30#s368736171,500,16,30,368736171,8,10,3.84,1920.0,4
confirmation,confirmation-np500-sh16-ep30,confirmation-np500-sh16-ep30#s2427253128,500,16,30,2427253128,9,10,3.84,1920.0,4
confirmation,confirmation-np500-sh16-ep120,confirmation-np500-sh16-ep120#s1030745901,500,16,120,1030745901,0,10,3.84,1920.0,4
confirmation,confirmation-np500-sh16-ep120,confirmation-np500-sh16-ep120#s2514272888,500,16,120,2514272888,1,10,3.84,1920.0,4
confirmation,confirmation-np500-sh16-ep120,confirmation-np500-sh16-ep120#s2052151784,500,16,120,2052151784,2,10,3.84,1920.0,4
confirmation,confirmation-np500-sh16-ep120,confirmation-np500-sh16-ep120#s97212900,500,16,120,97212900,3,10,3.84,1920.0,4
confirmation,confirmation-np500-sh16-ep120,confirmation-np500-sh16-ep120#s4181177179,500,16,120,4181177179,4,10,3.84,1920.0,4
confirmation,confirmation-np500-sh16-ep120,confirmation-np500-sh16-ep120#s1927192984,500,16,120,1927192984,5,10,3.84,1920.0,4
confirmation,confirmation-np500-sh16-ep120,confirmation-np500-sh16-ep120#s3063984371,500,16,120,3063984371,6,10,3.84,1920.0,4
confirmation,confirmation-np500-sh16-ep120,confirmation-np500-sh16-ep120#s4097371993,500,16,120,4097371993,7,10,3.84,1920.0,4
confirmation,confirmation-np500-sh16-ep120,confirmation-np500-sh16-ep120#s3716978378,500,16,120,3716978378,8,10,3.84,1920.0,4
confirmation,confirmation-np500-sh16-ep120,confirmation-np500-sh16-ep120#s3772197274,500,16,120,3772197274,9,10,3.84,1920.0,4
confirmation,confirmation-np500-sh16-ep300,confirmation-np500-sh16-ep300#s203401403,500,16,300,203401403,0,10,3.84,1920.0,4
confirmation,confirmation-np500-sh16-ep300,confirmation-np500-sh16-ep300#s2545898215,500,16,300,2545898215,1,10,3.84,1920.0,4
confirmation,confirmation-np500-sh16-ep300,confirmation-np500-sh16-ep300#s1299542865,500,16,300,1299542865,2,10,3.84,1920.0,4
confirmation,confirmation-np500-sh16-ep300,confirmation-np500-sh16-ep300#s3458025673,500,16,300,3458025673,3,10,3.84,1920.0,4
confirmation,confirmation-np500-sh16-ep300,confirmation-np500-sh16-ep300#s3916781564,500,16,300,3916781564,4,10,3.84,1920.0,4
confirmation,confirmation-np500-sh16-ep300,confirmation-np500-sh16-ep300#s3684963338,500,16,300,3684963338,5,10,3.84,1920.0,4
confirmation,confirmation-np500-sh16-ep300,confirmation-np500-sh16-ep300#s829556697,500,16,300,829556697,6,10,3.84,1920.0,4
confirmation,confirmation-np500-sh16-ep300,confirmation-np500-sh16-ep300#s3303862318,500,16,300,3303862318,7,10,3.84,1920.0,4
confirmation,confirmation-np500-sh16-ep300,confirmation-np500-sh16-ep300#s1112384935,500,16,300,1112384935,8,10,3.84,1920.0,4
confirmation,confirmation-np500-sh16-ep300,confirmation-np500-sh16-ep300#s1303859520,500,16,300,1303859520,9,10,3.84,1920.0,4
confirmation,confirmation-np500-sh64-ep30,confirmation-np500-sh64-ep30#s2097830995,500,64,30,2097830995,0,10,3.84,1920.0,4
confirmation,confirmation-np500-sh64-ep30,confirmation-np500-sh64-ep30#s2098228385,500,64,30,2098228385,1,10,3.84,1920.0,4
confirmation,confirmation-np500-sh64-ep30,confirmation-np500-sh64-ep30#s3351819639,500,64,30,3351819639,2,10,3.84,1920.0,4
confirmation,confirmation-np500-sh64-ep30,confirmation-np500-sh64-ep30#s2319431744,500,64,30,2319431744,3,10,3.84,1920.0,4
confirmation,confirmation-np500-sh64-ep30,confirmation-np500-sh64-ep30#s3267937468,500,64,30,3267937468,4,10,3.84,1920.0,4
confirmation,confirmation-np500-sh64-ep30,confirmation-np500-sh64-ep30#s1005335488,500,64,30,1005335488,5,10,3.84,1920.0,4
confirmation,confirmation-np500-sh64-ep30,confirmation-np500-sh64-ep30#s71719403,500,64,30,71719403,6,10,3.84,1920.0,4
confirmation,confirmation-np500-sh64-ep30,confirmation-np500-sh64-ep30#s2237724761,500,64,30,2237724761,7,10,3.84,1920.0,4
confirmation,confirmation-np500-sh64-ep30,confirmation-np500-sh64-ep30#s4108917401,500,64,30,4108917401,8,10,3.84,1920.0,4
confirmation,confirmation-np500-sh64-ep30,confirmation-np500-sh64-ep30#s2187349550,500,64,30,2187349550,9,10,3.84,1920.0,4
confirmation,confirmation-np500-sh64-ep120,confirmation-np500-sh64-ep120#s4121717805,500,64,120,4121717805,0,10,3.84,1920.0,4
confirmation,confirmation-np500-sh64-ep120,confirmation-np500-sh64-ep120#s3821475593,500,64,120,3821475593,1,10,3.84,1920.0,4
confirmation,confirmation-np500-sh64-ep120,confirmation-np500-sh64-ep120#s3448064043,500,64,120,3448064043,2,10,3.84,1920.0,4
confirmation,confirmation-np500-sh64-ep120,confirmation-np500-sh64-ep120#s3299498404,500,64,120,3299498404,3,10,3.84,1920.0,4
confirmation,confirmation-np500-sh64-ep120,confirmation-np500-sh64-ep120#s2008524479,500,64,120,2008524479,4,10,3.84,1920.0,4
confirmation,confirmation-np500-sh64-ep120,confirmation-np500-sh64-ep120#s1829385308,500,64,120,1829385308,5,10,3.84,1920.0,4
confirmation,confirmation-np500-sh64-ep120,confirmation-np500-sh64-ep120#s645520392,500,64,120,645520392,6,10,3.84,1920.0,4
confirmation,confirmation-np500-sh64-ep120,confirmation-np500-sh64-ep120#s2942337191,500,64,120,2942337191,7,10,3.84,1920.0,4
confirmation,confirmation-np500-sh64-ep120,confirmation-np500-sh64-ep120#s3454339173,500,64,120,3454339173,8,10,3.84,1920.0,4
confirmation,confirmation-np500-sh64-ep120,confirmation-np500-sh64-ep120#s2289667825,500,64,120,2289667825,9,10,3.84,1920.0,4
confirmation,confirmation-np500-sh64-ep300,confirmation-np500-sh64-ep300#s2861755139,500,64,300,2861755139,0,10,3.84,1920.0,4
confirmation,confirmation-np500-sh64-ep300,confirmation-np500-sh64-ep300#s2604903055,500,64,300,2604903055,1,10,3.84,1920.0,4
confirmation,confirmation-np500-sh64-ep300,confirmation-np500-sh64-ep300#s521282315,500,64,300,521282315,2,10,3.84,1920.0,4
confirmation,confirmation-np500-sh64-ep300,confirmation-np500-sh64-ep300#s639239127,500,64,300,639239127,3,10,3.84,1920.0,4
confirmation,confirmation-np500-sh64-ep300,confirmation-np500-sh64-ep300#s601775379,500,64,300,601775379,4,10,3.84,1920.0,4
confirmation,confirmation-np500-sh64-ep300,confirmation-np500-sh64-ep300#s1298886457,500,64,300,1298886457,5,10,3.84,1920.0,4
confirmation,confirmation-np500-sh64-ep300,confirmation-np500-sh64-ep300#s3567898760,500,64,300,3567898760,6,10,3.84,1920.0,4
confirmation,confirmation-np500-sh64-ep300,confirmation-np500-sh64-ep300#s3004630551,500,64,300,3004630551,7,10,3.84,1920.0,4
confirmation,confirmation-np500-sh64-ep300,confirmation-np500-sh64-ep300#s1435972276,500,64,300,1435972276,8,10,3.84,1920.0,4
confirmation,confirmation-np500-sh64-ep300,confirmation-np500-sh64-ep300#s1350167143,500,64,300,1350167143,9,10,3.84,1920.0,4
confirmation,confirmation-np500-sh128-ep30,confirmation-np500-sh128-ep30#s2760807419,500,128,30,2760807419,0,10,3.84,1920.0,4
confirmation,confirmation-np500-sh128-ep30,confirmation-np500-sh128-ep30#s3421899125,500,128,30,3421899125,1,10,3.84,1920.0,4
confirmation,confirmation-np500-sh128-ep30,confirmation-np500-sh128-ep30#s4121007392,500,128,30,4121007392,2,10,3.84,1920.0,4
confirmation,confirmation-np500-sh128-ep30,confirmation-np500-sh128-ep30#s3222703911,500,128,30,3222703911,3,10,3.84,1920.0,4
confirmation,confirmation-np500-sh128-ep30,confirmation-np500-sh128-ep30#s51963711,500,128,30,51963711,4,10,3.84,1920.0,4
confirmation,confirmation-np500-sh128-ep30,confirmation-np500-sh128-ep30#s2572629344,500,128,30,2572629344,5,10,3.84,1920.0,4
confirmation,confirmation-np500-sh128-ep30,confirmation-np500-sh128-ep30#s2063120624,500,128,30,2063120624,6,10,3.84,1920.0,4
confirmation,confirmation-np500-sh128-ep30,confirmation-np500-sh128-ep30#s1601758541,500,128,30,1601758541,7,10,3.84,1920.0,4
confirmation,confirmation-np500-sh128-ep30,confirmation-np500-sh128-ep30#s3526477534,500,128,30,3526477534,8,10,3.84,1920.0,4
confirmation,confirmation-np500-sh128-ep30,confirmation-np500-sh128-ep30#s726024149,500,128,30,726024149,9,10,3.84,1920.0,4
confirmation,confirmation-np500-sh128-ep120,confirmation-np500-sh128-ep120#s1875680946,500,128,120,1875680946,0,10,3.84,1920.0,4
confirmation,confirmation-np500-sh128-ep120,confirmation-np500-sh128-ep120#s1753905659,500,128,120,1753905659,1,10,3.84,1920.0,4
confirmation,confirmation-np500-sh128-ep120,confirmation-np500-sh128-ep120#s1863044217,500,128,120,1863044217,2,10,3.84,1920.0,4
confirmation,confirmation-np500-sh128-ep120,confirmation-np500-sh128-ep120#s1280577615,500,128,120,1280577615,3,10,3.84,1920.0,4
confirmation,confirmation-np500-sh128-ep120,confirmation-np500-sh128-ep120#s449514405,500,128,120,449514405,4,10,3.84,1920.0,4
confirmation,confirmation-np500-sh128-ep120,confirmation-np500-sh128-ep120#s3213026196,500,128,120,3213026196,5,10,3.84,1920.0,4
confirmation,confirmation-np500-sh128-ep120,confirmation-np500-sh128-ep120#s57955300,500,128,120,57955300,6,10,3.84,1920.0,4
confirmation,confirmation-np500-sh128-ep120,confirmation-np500-sh128-ep120#s1889494352,500,128,120,1889494352,7,10,3.84,1920.0,4
confirmation,confirmation-np500-sh128-ep120,confirmation-np500-sh128-ep120#s3436382970,500,128,120,3436382970,8,10,3.84,1920.0,4
confirmation,confirmation-np500-sh128-ep120,confirmation-np500-sh128-ep120#s1040080805,500,128,120,1040080805,9,10,3.84,1920.0,4
confirmation,confirmation-np500-sh128-ep300,confirmation-np500-sh128-ep300#s2467813849,500,128,300,2467813849,0,10,3.84,1920.0,4
confirmation,confirmation-np500-sh128-ep300,confirmation-np500-sh128-ep300#s1985225806,500,128,300,1985225806,1,10,3.84,1920.0,4
confirmation,confirmation-np500-sh128-ep300,confirmation-np500-sh128-ep300#s725883014,500,128,300,725883014,2,10,3.84,1920.0,4
confirmation,confirmation-np500-sh128-ep300,confirmation-np500-sh128-ep300#s3787941527,500,128,300,3787941527,3,10,3.84,1920.0,4
confirmation,confirmation-np500-sh128-ep300,confirmation-np500-sh128-ep300#s925520177,500,128,300,925520177,4,10,3.84,1920.0,4
confirmation,confirmation-np500-sh128-ep300,confirmation-np500-sh128-ep300#s1790908224,500,128,300,1790908224,5,10,3.84,1920.0,4
confirmation,confirmation-np500-sh128-ep300,confirmation-np500-sh128-ep300#s2498298682,500,128,300,2498298682,6,10,3.84,1920.0,4
confirmation,confirmation-np500-sh128-ep300,confirmation-np500-sh128-ep300#s381718172,500,128,300,381718172,7,10,3.84,1920.0,4
confirmation,confirmation-np500-sh128-ep300,confirmation-np500-sh128-ep300#s1191867988,500,128,300,1191867988,8,10,3.84,1920.0,4
confirmation,confirmation-np500-sh128-ep300,confirmation-np500-sh128-ep300#s2346528700,500,128,300,2346528700,9,10,3.84,1920.0,4
confirmation,confirmation-np2000-sh16-ep30,confirmation-np2000-sh16-ep30#s4050795121,2000,16,30,4050795121,0,10,3.84,7680.0,4
confirmation,confirmation-np2000-sh16-ep30,confirmation-np2000-sh16-ep30#s3572730802,2000,16,30,3572730802,1,10,3.84,7680.0,4
confirmation,confirmation-np2000-sh16-ep30,confirmation-np2000-sh16-ep30#s1017050459,2000,16,30,1017050459,2,10,3.84,7680.0,4
confirmation,confirmation-np2000-sh16-ep30,confirmation-np2000-sh16-ep30#s3485044571,2000,16,30,3485044571,3,10,3.84,7680.0,4
confirmation,confirmation-np2000-sh16-ep30,confirmation-np2000-sh16-ep30#s1549691327,2000,16,30,1549691327,4,10,3.84,7680.0,4
confirmation,confirmation-np2000-sh16-ep30,confirmation-np2000-sh16-ep30#s2294412925,2000,16,30,2294412925,5,10,3.84,7680.0,4
confirmation,confirmation-np2000-sh16-ep30,confirmation-np2000-sh16-ep30#s1812507426,2000,16,30,1812507426,6,10,3.84,7680.0,4
confirmation,confirmation-np2000-sh16-ep30,confirmation-np2000-sh16-ep30#s3364908990,2000,16,30,3364908990,7,10,3.84,7680.0,4
confirmation,confirmation-np2000-sh16-ep30,confirmation-np2000-sh16-ep30#s974565579,2000,16,30,974565579,8,10,3.84,7680.0,4
confirmation,confirmation-np2000-sh16-ep30,confirmation-np2000-sh16-ep30#s3532418808,2000,16,30,3532418808,9,10,3.84,7680.0,4
confirmation,confirmation-np2000-sh16-ep120,confirmation-np2000-sh16-ep120#s4287150140,2000,16,120,4287150140,0,10,3.84,7680.0,4
confirmation,confirmation-np2000-sh16-ep120,confirmation-np2000-sh16-ep120#s301347846,2000,16,120,301347846,1,10,3.84,7680.0,4
confirmation,confirmation-np2000-sh16-ep120,confirmation-np2000-sh16-ep120#s697529259,2000,16,120,697529259,2,10,3.84,7680.0,4
confirmation,confirmation-np2000-sh16-ep120,confirmation-np2000-sh16-ep120#s102132714,2000,16,120,102132714,3,10,3.84,7680.0,4
confirmation,confirmation-np2000-sh16-ep120,confirmation-np2000-sh16-ep120#s4209130164,2000,16,120,4209130164,4,10,3.84,7680.0,4
confirmation,confirmation-np2000-sh16-ep120,confirmation-np2000-sh16-ep120#s3182425352,2000,16,120,3182425352,5,10,3.84,7680.0,4
confirmation,confirmation-np2000-sh16-ep120,confirmation-np2000-sh16-ep120#s3978662342,2000,16,120,3978662342,6,10,3.84,7680.0,4
confirmation,confirmation-np2000-sh16-ep120,confirmation-np2000-sh16-ep120#s431031806,2000,16,120,431031806,7,10,3.84,7680.0,4
confirmation,confirmation-np2000-sh16-ep120,confirmation-np2000-sh16-ep120#s3990769159,2000,16,120,3990769159,8,10,3.84,7680.0,4
confirmation,confirmation-np2000-sh16-ep120,confirmation-np2000-sh16-ep120#s2644894966,2000,16,120,2644894966,9,10,3.84,7680.0,4
confirmation,confirmation-np2000-sh16-ep300,confirmation-np2000-sh16-ep300#s2380603379,2000,16,300,2380603379,0,10,3.84,7680.0,4
confirmation,confirmation-np2000-sh16-ep300,confirmation-np2000-sh16-ep300#s3253549877,2000,16,300,3253549877,1,10,3.84,7680.0,4
confirmation,confirmation-np2000-sh16-ep300,confirmation-np2000-sh16-ep300#s1508342474,2000,16,300,1508342474,2,10,3.84,7680.0,4
confirmation,confirmation-np2000-sh16-ep300,confirmation-np2000-sh16-ep300#s3155303790,2000,16,300,3155303790,3,10,3.84,7680.0,4
confirmation,confirmation-np2000-sh16-ep300,confirmation-np2000-sh16-ep300#s2133390807,2000,16,300,2133390807,4,10,3.84,7680.0,4
confirmation,confirmation-np2000-sh16-ep300,confirmation-np2000-sh16-ep300#s2185594777,2000,16,300,2185594777,5,10,3.84,7680.0,4
confirmation,confirmation-np2000-sh16-ep300,confirmation-np2000-sh16-ep300#s2698336412,2000,16,300,2698336412,6,10,3.84,7680.0,4
confirmation,confirmation-np2000-sh16-ep300,confirmation-np2000-sh16-ep300#s3390801581,2000,16,300,3390801581,7,10,3.84,7680.0,4
confirmation,confirmation-np2000-sh16-ep300,confirmation-np2000-sh16-ep300#s3587048737,2000,16,300,3587048737,8,10,3.84,7680.0,4
confirmation,confirmation-np2000-sh16-ep300,confirmation-np2000-sh16-ep300#s70221134,2000,16,300,70221134,9,10,3.84,7680.0,4
confirmation,confirmation-np2000-sh64-ep30,confirmation-np2000-sh64-ep30#s2810430450,2000,64,30,2810430450,0,10,3.84,7680.0,4
confirmation,confirmation-np2000-sh64-ep30,confirmation-np2000-sh64-ep30#s1094118886,2000,64,30,1094118886,1,10,3.84,7680.0,4
confirmation,confirmation-np2000-sh64-ep30,confirmation-np2000-sh64-ep30#s1725932726,2000,64,30,1725932726,2,10,3.84,7680.0,4
confirmation,confirmation-np2000-sh64-ep30,confirmation-np2000-sh64-ep30#s1515932252,2000,64,30,1515932252,3,10,3.84,7680.0,4
confirmation,confirmation-np2000-sh64-ep30,confirmation-np2000-sh64-ep30#s4051509550,2000,64,30,4051509550,4,10,3.84,7680.0,4
confirmation,confirmation-np2000-sh64-ep30,confirmation-np2000-sh64-ep30#s653948397,2000,64,30,653948397,5,10,3.84,7680.0,4
confirmation,confirmation-np2000-sh64-ep30,confirmation-np2000-sh64-ep30#s103070742,2000,64,30,103070742,6,10,3.84,7680.0,4
confirmation,confirmation-np2000-sh64-ep30,confirmation-np2000-sh64-ep30#s2030654580,2000,64,30,2030654580,7,10,3.84,7680.0,4
confirmation,confirmation-np2000-sh64-ep30,confirmation-np2000-sh64-ep30#s4049570953,2000,64,30,4049570953,8,10,3.84,7680.0,4
confirmation,confirmation-np2000-sh64-ep30,confirmation-np2000-sh64-ep30#s3923732610,2000,64,30,3923732610,9,10,3.84,7680.0,4
confirmation,confirmation-np2000-sh64-ep120,confirmation-np2000-sh64-ep120#s3077541761,2000,64,120,3077541761,0,10,3.84,7680.0,4
confirmation,confirmation-np2000-sh64-ep120,confirmation-np2000-sh64-ep120#s1577154099,2000,64,120,1577154099,1,10,3.84,7680.0,4
confirmation,confirmation-np2000-sh64-ep120,confirmation-np2000-sh64-ep120#s752601869,2000,64,120,752601869,2,10,3.84,7680.0,4
confirmation,confirmation-np2000-sh64-ep120,confirmation-np2000-sh64-ep120#s1791183250,2000,64,120,1791183250,3,10,3.84,7680.0,4
confirmation,confirmation-np2000-sh64-ep120,confirmation-np2000-sh64-ep120#s3198903842,2000,64,120,3198903842,4,10,3.84,7680.0,4
confirmation,confirmation-np2000-sh64-ep120,confirmation-np2000-sh64-ep120#s1967900361,2000,64,120,1967900361,5,10,3.84,7680.0,4
confirmation,confirmation-np2000-sh64-ep120,confirmation-np2000-sh64-ep120#s3724255815,2000,64,120,3724255815,6,10,3.84,7680.0,4
confirmation,confirmation-np2000-sh64-ep120,confirmation-np2000-sh64-ep120#s1521669645,2000,64,120,1521669645,7,10,3.84,7680.0,4
confirmation,confirmation-np2000-sh64-ep120,confirmation-np2000-sh64-ep120#s2111799087,2000,64,120,2111799087,8,10,3.84,7680.0,4
confirmation,confirmation-np2000-sh64-ep120,confirmation-np2000-sh64-ep120#s862997342,2000,64,120,862997342,9,10,3.84,7680.0,4
confirmation,confirmation-np2000-sh64-ep300,confirmation-np2000-sh64-ep300#s152045537,2000,64,300,152045537,0,10,3.84,7680.0,4
confirmation,confirmation-np2000-sh64-ep300,confirmation-np2000-sh64-ep300#s2365150378,2000,64,300,2365150378,1,10,3.84,7680.0,4
confirmation,confirmation-np2000-sh64-ep300,confirmation-np2000-sh64-ep300#s2834592460,2000,64,300,2834592460,2,10,3.84,7680.0,4
confirmation,confirmation-np2000-sh64-ep300,confirmation-np2000-sh64-ep300#s910369448,2000,64,300,910369448,3,10,3.84,7680.0,4
confirmation,confirmation-np2000-sh64-ep300,confirmation-np2000-sh64-ep300#s3760307046,2000,64,300,3760307046,4,10,3.84,7680.0,4
confirmation,confirmation-np2000-sh64-ep300,confirmation-np2000-sh64-ep300#s2464737706,2000,64,300,2464737706,5,10,3.84,7680.0,4
confirmation,confirmation-np2000-sh64-ep300,confirmation-np2000-sh64-ep300#s2833393532,2000,64,300,2833393532,6,10,3.84,7680.0,4
confirmation,confirmation-np2000-sh64-ep300,confirmation-np2000-sh64-ep300#s1629993813,2000,64,300,1629993813,7,10,3.84,7680.0,4
confirmation,confirmation-np2000-sh64-ep300,confirmation-np2000-sh64-ep300#s2479810189,2000,64,300,2479810189,8,10,3.84,7680.0,4
confirmation,confirmation-np2000-sh64-ep300,confirmation-np2000-sh64-ep300#s4143668934,2000,64,300,4143668934,9,10,3.84,7680.0,4
confirmation,confirmation-np2000-sh128-ep30,confirmation-np2000-sh128-ep30#s70437731,2000,128,30,70437731,0,10,3.84,7680.0,4
confirmation,confirmation-np2000-sh128-ep30,confirmation-np2000-sh128-ep30#s81029354,2000,128,30,81029354,1,10,3.84,7680.0,4
confirmation,confirmation-np2000-sh128-ep30,confirmation-np2000-sh128-ep30#s2878236465,2000,128,30,2878236465,2,10,3.84,7680.0,4
confirmation,confirmation-np2000-sh128-ep30,confirmation-np2000-sh128-ep30#s1943583979,2000,128,30,1943583979,3,10,3.84,7680.0,4
confirmation,confirmation-np2000-sh128-ep30,confirmation-np2000-sh128-ep30#s2807317770,2000,128,30,2807317770,4,10,3.84,7680.0,4
confirmation,confirmation-np2000-sh128-ep30,confirmation-np2000-sh128-ep30#s919960796,2000,128,30,919960796,5,10,3.84,7680.0,4
confirmation,confirmation-np2000-sh128-ep30,confirmation-np2000-sh128-ep30#s1473707111,2000,128,30,1473707111,6,10,3.84,7680.0,4
confirmation,confirmation-np2000-sh128-ep30,confirmation-np2000-sh128-ep30#s4246053528,2000,128,30,4246053528,7,10,3.84,7680.0,4
confirmation,confirmation-np2000-sh128-ep30,confirmation-np2000-sh128-ep30#s611440483,2000,128,30,611440483,8,10,3.84,7680.0,4
confirmation,confirmation-np2000-sh128-ep30,confirmation-np2000-sh128-ep30#s349003290,2000,128,30,349003290,9,10,3.84,7680.0,4
confirmation,confirmation-np2000-sh128-ep120,confirmation-np2000-sh128-ep120#s1114851922,2000,128,120,1114851922,0,10,3.84,7680.0,4
confirmation,confirmation-np2000-sh128-ep120,confirmation-np2000-sh128-ep120#s350706422,2000,128,120,350706422,1,10,3.84,7680.0,4
confirmation,confirmation-np2000-sh128-ep120,confirmation-np2000-sh128-ep120#s2735557572,2000,128,120,2735557572,2,10,3.84,7680.0,4
confirmation,confirmation-np2000-sh128-ep120,confirmation-np2000-sh128-ep120#s1401522176,2000,128,120,1401522176,3,10,3.84,7680.0,4
confirmation,confirmation-np2000-sh128-ep120,confirmation-np2000-sh128-ep120#s747066906,2000,128,120,747066906,4,10,3.84,7680.0,4
confirmation,confirmation-np2000-sh128-ep120,confirmation-np2000-sh128-ep120#s3291791434,2000,128,120,3291791434,5,10,3.84,7680.0,4
confirmation,confirmation-np2000-sh128-ep120,confirmation-np2000-sh128-ep120#s2068025811,2000,128,120,2068025811,6,10,3.84,7680.0,4
confirmation,confirmation-np2000-sh128-ep120,confirmation-np2000-sh128-ep120#s3960818313,2000,128,120,3960818313,7,10,3.84,7680.0,4
confirmation,confirmation-np2000-sh128-ep120,confirmation-np2000-sh128-ep120#s3550590657,2000,128,120,3550590657,8,10,3.84,7680.0,4
confirmation,confirmation-np2000-sh128-ep120,confirmation-np2000-sh128-ep120#s3548492284,2000,128,120,3548492284,9,10,3.84,7680.0,4
confirmation,confirmation-np2000-sh128-ep300,confirmation-np2000-sh128-ep300#s1304733136,2000,128,300,1304733136,0,10,3.84,7680.0,4
confirmation,confirmation-np2000-sh128-ep300,confirmation-np2000-sh128-ep300#s770792178,2000,128,300,770792178,1,10,3.84,7680.0,4
confirmation,confirmation-np2000-sh128-ep300,confirmation-np2000-sh128-ep300#s1615110391,2000,128,300,1615110391,2,10,3.84,7680.0,4
confirmation,confirmation-np2000-sh128-ep300,confirmation-np2000-sh128-ep300#s2960108869,2000,128,300,2960108869,3,10,3.84,7680.0,4
confirmation,confirmation-np2000-sh128-ep300,confirmation-np2000-sh128-ep300#s332205328,2000,128,300,332205328,4,10,3.84,7680.0,4
confirmation,confirmation-np2000-sh128-ep300,confirmation-np2000-sh128-ep300#s2130557535,2000,128,300,2130557535,5,10,3.84,7680.0,4
confirmation,confirmation-np2000-sh128-ep300,confirmation-np2000-sh128-ep300#s3786861394,2000,128,300,3786861394,6,10,3.84,7680.0,4
confirmation,confirmation-np2000-sh128-ep300,confirmation-np2000-sh128-ep300#s2520432693,2000,128,300,2520432693,7,10,3.84,7680.0,4
confirmation,confirmation-np2000-sh128-ep300,confirmation-np2000-sh128-ep300#s12116651,2000,128,300,12116651,8,10,3.84,7680.0,4
confirmation,confirmation-np2000-sh128-ep300,confirmation-np2000-sh128-ep300#s1228861248,2000,128,300,1228861248,9,10,3.84,7680.0,4
